:10400000007F00206D7800001577000069780000BF
:10401000697800006978000069780000697800001C
:1040200000000000000000000000000069780000AF
:1040300069780000000000006978000069780000DD
:104040000000000000000000000000000000000070
:104050000000000000000000000000000000000060
:104060000000000000000000000000000000000050
:104070000000000000000000000000000000000040
:104080000000000000000000000000000000000030
:104090000000000000000000000000000000000020
:1040A0000000000000000000000000000000000010
:1040B0000000000000000000000000000000000000
:1040C00010B5054C237833B9044B13B10448AFF352
:1040D00000800123237010BD0001002000000000BB
:1040E000C0DA000008B5034B1BB103490348AFF326
:1040F000008008BD0000000004010020C0DA0000BC
:1041000008B54FF47A72002309F032F8034B1860B7
:1041100005F002FC024B186008BD00BF280100201A
:104120002401002008B500F04BF800F0D5F800F0AD
:1041300099F8034BD3E90001BDE80840FFF7E0BF61
:104140000000002008B500F0A3F8064B1868421CD8
:104150001A6000F037F800F0B1F8BDE8084000F050
:10416000D3B800BF1C01002008B5FFF7EBFF064BDA
:104170001A7842B901221A7005F0CEFB034B1B6876
:10418000C01A034B186008BD200100202801002040
:104190002401002038B5084C084D05F0BDFB23680C
:1041A000C01A2B68984205D3FFF7DEFF23682A6800
:1041B0001344236038BD00BF2401002028010020E3
:1041C00000F03CB800F044B80E4B30B5002290F936
:1041D00004401D680560002914BF042313461C43D6
:1041E000094904712A700C68017B846019430173CA
:1041F00022700649047D09680161234303750A7032
:1042000030BD00BF0C000020100000201400002072
:10421000037D990711D4037B9A0756BF8368437BBC
:104220001B7843B103799B0756BF036843791B781A
:10423000003318BF0123026913707047024B034813
:1042400000211970FFF7C0BFB80E0020A00E00209B
:10425000024B034801221A70FFF7DABFB80E0020A4
:10426000A00E002010B5084C0021207805F064FA5B
:104270006078002105F060FA044B01211878BDE850
:10428000104005F059BA00BF080000200A000020C5
:1042900038B5084C256825B1074B187805F070FA39
:1042A0002870646824B1044B587805F069FA2070CE
:1042B00038BD00BF5C10002008000020044B1878B7
:1042C000044B1B6813B1197805F04EBA704700BF54
:1042D0000A000020A0110020054A064B12681A604F
:1042E000054A12685A60054B1A68054B1A607047F8
:1042F0000C0000205C1000201000002014000020A2
:10430000A0110020FFFFFFFFF8B5134B134CD3E9BA
:1043100000670FA3D3E900233046394608F028FF91
:104320002568054425600AA3D3E9002330463946B1
:1043300008F01EFF63681A44094B9A4289BF094B73
:1043400062609B18013584BF63602560F8BD00BFC3
:1043500000CA9A3B000000000000002094110020D9
:10436000FFC99A3B003665C408B505F079FA00200C
:1043700008BD1B207047FFFF034AB2F8CC3043F062
:104380008003A2F8CC3070470000094037B5012106
:104390000D2005F0D1F900210D2005F0E5F9684662
:1043A0000722032108F0DAF9BDF800301C4CC3F3F2
:1043B00084130125684607220521E55408F0CEF94B
:1043C000BDF80030C3F38413684607220621E55484
:1043D00008F0C4F9BDF80030C3F38413684607221F
:1043E0000921E55408F0BAF9BDF80030C3F384138D
:1043F000684607220A21E55408F0B0F9BDF80030FC
:10440000C3F3841307220B216846E55408F0A6F98C
:10441000BDF80030C3F38413E55403B030BD00BFD2
:104420000A0200200B7930B4DB01114C114DDBB2D4
:10443000A3714B788A781B01120302F44052DBB25D
:1044400013430A788446A85CCA78120202F44072C8
:1044500000F003001343034363804B79064ADB01FA
:10446000DBB22372002030BCCCF80020704700BFC4
:1044700000420440ECD8000054445700024B002096
:10448000FF2218701A7070470042044030B5836AEA
:1044900085B004468C4601ADABB193E8070085E8D2
:1044A00007006268117883F804C0E26A9A601960B4
:1044B0001846626A9047A36A1BB195E8070083E833
:1044C000070005B030BD2B46EBE700BF10B4EFF39B
:1044D0000383103B5BB203F1C001204A204C52F829
:1044E00021006FF3104042F8210054F82330D3E943
:1044F00006218A421BD0186940B393F820400F2C44
:104500000BD99968496840F82210D96901328A426A
:104510009A610CD05DF8044B7047072C19D8996844
:1045200009798154D96901328A429A61F2D15B6872
:104530000C4993F903305DF8044B5809012203F04C
:104540001F0302FA03F341F820307047986840686F
:10455000DCE79C68A48820F81240D7E700600040A0
:104560007801002000E100E0F0B5EFF30383103B99
:104570005BB203F1C0022F492F4C51F822006FF3B8
:10458000104041F8220054F823305868026A002A8B
:1045900030D092F801C0DC695A69BCF1010F17D024
:1045A00094420FD0D96841B393F820000F280AD85D
:1045B0000728986895BF895C31F8121001718180D5
:1045C00001325A61F0BD986851F822104160F7E756
:1045D00004F1FF3E724513D001690029E0D090F943
:1045E000031016484D0901F01F010CFA01F140F8C3
:1045F0002510D5E75A69DC69D2E798684160DFE7A2
:1046000090F903E00EF1C0064FEA5E10800051F809
:10461000267000F1604000F561400EF01F0E0CFAAC
:104620000EF56FF3104741F82670C0F88051056011
:10463000B6E700BF006000407801002000E100E024
:1046400010B4EFF30383103B5BB2324A324C03F1F8
:10465000C00152F821006FF3104042F8210054F8D5
:1046600023008268D278920706D54268527A012ADE
:1046700002D05DF8044B70475909284C01222031C3
:1046800003F01F0302FA03F344F82130BFF34F8F06
:10469000BFF36F8F436893F90230002B2FDB59096A
:1046A000203103F01F0302FA03F344F82130BFF373
:1046B0004F8FBFF36F8FD0E90114237891F9021067
:1046C0006FF386130029237014DB01F1C00C114C29
:1046D0004B099B0001F01F018A4003F1604354F82D
:1046E0002C1003F561436FF3104144F82C10C3F80C
:1046F00080211A605DF8044B0121FFF7C7BE826874
:104700005DF8044B13786FF3861313700121FFF7E4
:10471000BDBE00BF006000407801002000E100E065
:1047200070B5EFF30384103C314B64B253F824604E
:10473000736893F90230002B42DB5A092D4920326D
:10474000012003F01F0300FA03F341F82230BFF306
:104750004F8FBFF36F8FD6E9012392F902101A78B9
:1047600000296FF386121A7015DB01F1C00C224D7F
:104770004A09920001F01F0100FA01F102F16042C2
:1047800055F82C0002F561426FF3104045F82C00FB
:10479000C2F880111160DA780021D5B21207D97001
:1047A00021D4EB0712D405F01405142D16D0124BAA
:1047B000C03453F824206FF3104243F8242070BD16
:1047C000B3681A786FF386121A70E4E70421304652
:1047D00005F01405FFF75AFE142DE8D108213046E4
:1047E000FFF754FEE3E705213046FFF74FFED8E719
:1047F0007801002000E100E000600040036A70B52D
:104800000446987800F07B0098700D46217841B3FB
:104810002261E269E5601069002841D0226982B115
:10482000A378816800688E68E16803F00303013BA8
:1048300022FA03F3002222619BB2B04780B9236AB7
:1048400021789A7842F080029A7039BB94F802C0BD
:104850000CF0030CBCF1020F1AD02A78DA70002099
:1048600070BD94F802C0E0690CF0030E0069A2EB81
:104870000E02226105EB0E02E2600028CED19A788A
:104880000CF0030C42F08002BCF1020F9A70E4D1EC
:104890002A8842F47E420020DA8170BD002070BD7B
:1048A0009A7842F080029A7070BD00BF036A91F856
:1048B00001C09A7800B502F07B0E02F00B029A70EC
:1048C0000022C2608878587010461A786CF3010292
:1048D0001A70CA789A7493F807C00A780CF0A3018A
:1048E00002F05C020A43DA7183F802E05DF804FB2F
:1048F00010B5D0E90721002343608B7092F90520A1
:104900002F49044650090123203002F01F0203FA08
:1049100002F241F82020BFF34F8FBFF36F8FE2699F
:1049200092F90B205009203002F01F0203FA02F224
:1049300041F82020BFF34F8FBFF36F8FE26992F9E8
:1049400007205009203002F01F0203FA02F241F85A
:104950002020BFF34F8FBFF36F8FE26992F90920D8
:10496000500902F01F02934000F1200241F822306A
:10497000BFF34F8FBFF36F8FE369DA6822B193689B
:1049800010681B6A9847E3691B691BB19A6818682D
:10499000136A9847EFF31081012383F31088E369CA
:1049A000084A1C78D2F800014FF00043E34003436B
:1049B000C2F80031D2F8003181F31088002010BD18
:1049C00000E100E0006F0440F0B5846A85B0054660
:1049D0000F4694466E46B4B194E80F0086E80F0087
:1049E000EB691B7884F804C02360EB6A2046C4E9B5
:1049F00002736B6A9847AC6A1CB196E80F0084E8B2
:104A00000F0005B0F0BD3446EAE700BF8C465168A0
:104A100030B4029C0D6880B91C609CF8010038B964
:104A2000E8784FF0010C0B346CF30510E8701C6053
:104A3000936810681B6830BC184704F10C001860BC
:104A4000EBE700BF2DE9F0470D4609780323CB4083
:104A500013F0010301F1007218BF1023037002F577
:104A6000605283785201012161F301030262A96956
:104A70006A6942620022C0E90A21C56183706B78CD
:104A800082B0044623B98378022262F30103837063
:104A900095F90B00594B95F80AC04209203200F0F5
:104AA0001F06012101FA06F643F82260BFF34F8F7B
:104AB000BFF36F8F524A534E00F1C0074FEA0C1CF0
:104AC00052F827E06FF3104E42F827E01F185FFA04
:104AD0008CFC87F800C346F8204095F9050095F84E
:104AE00004C04709203700F01F0E01FA0EFE43F8FC
:104AF00027E0BFF34F8FBFF36F8F00F1C00703EBC9
:104B0000000852F827E04FEA0C1C5FFA8CFC6FF3A8
:104B1000104E42F827E088F800C346F8204095F987
:104B2000070095F806C04709203700F01F0E01FA6C
:104B30000EFE43F827E0BFF34F8FBFF36F8F00F1F6
:104B4000C00703EB000852F827E04FEA0C1C5FFA9D
:104B50008CFC6FF3104E42F827E088F800C346F84B
:104B6000204095F9090095F808C04709203700F062
:104B70001F0E01FA0EF143F82710BFF34F8FBFF35A
:104B80006F8F00F1C0074FEA0C1152F827C00344A1
:104B90006FF3104C42F827C0C9B283F80013EA68DB
:104BA00046F8204072B153681B684FF4002143F867
:104BB000041B216A05310091E1692078FFF726FF87
:104BC0000646B0B92A69FAB153681B684FF0006114
:104BD00043F8081B216A03310091E1692078FFF74F
:104BE00015FF064680B1EB681BB19A681868136A16
:104BF0009847304602B0BDE8F08700BF00E100E012
:104C00000060004078010020EFF31080012383F35F
:104C10001088984B2E78D3F800214FF00041F140D6
:104C200022EA0102C3F80021D3F8003180F3108892
:104C3000236AE06900229A701A715A729A72DA72C3
:104C40005A83297840F20722CA40D20744BF402243
:104C5000DA7406221A7722787AB1C168013A0029FB
:104C600000F0FE800126120391B2314341F00602AA
:104C70009A829A8A92B29142FBD1EA78A978D200BC
:104C800042EA01126978032900F0D780002914BF95
:104C9000F221E221ED69D2B21A7099712A7B520099
:104CA00002F002025A736A78A97800261E7295F8FB
:104CB00000C0D201490101F02001D2B20A43ACF197
:104CC0000201012940F2BD80D2B2DA716A6891789E
:104CD00059701978567866F301011970D178997472
:104CE0001278D97902F05C0201F0A3010A43DA716B
:104CF0000027C4E90377C4E9057790F905105E4EF3
:104D000001F1C00E4A0956F82E80920067F3104850
:104D100002F1604246F82E8002F561424FF0010E2A
:104D200001F01F010EFA01F1C2F88011116090F933
:104D30000B1001F1C0094A0956F829A0920002F1AE
:104D4000604202F5614267F3104A01F01F0146F824
:104D500029A00EFA01F1C2F88011116090F9071034
:104D600001F1C0094A0956F829A0920002F16042F7
:104D700002F5614201F01F0167F3104A46F829A0CD
:104D80000EFA01F1C2F88011116090F9091001F1D9
:104D9000C0004A0956F82090920002F1604267F381
:104DA000104946F8209002F561420CF0030C01F026
:104DB0001F010EFA01F14CF0700CC2F88011116065
:104DC00083F802C06B8923814FF6FF7843452DD0CD
:104DD000EFF310818EF31088284A13681BB9284816
:104DE000C3704023C37013680133136081F31088CC
:104DF000218924480B0A1B0153FA81F150F8213014
:104E000023F0011323F4404343F0040340F821301E
:104E1000EFF31081012383F31088136813B1136833
:104E2000013B13601368B3B181F31088164B6360C4
:104E30000026304602B0BDE8F08742F04002F22181
:104E400028E7BCF1020F08BF42F01002FF21D2B2E6
:104E50005970DA714CE70A4A8020D370D070E3E7CA
:104E6000C169097A1140090201F4706141F001063B
:104E7000F9E600BF006F04400060004074010020AC
:104E8000000D044000080440554943532DE9F04FFC
:104E90001E46FF23B37033786FF382038BB03370F9
:104EA0008023F370554B0992554A1B6A1268019191
:104EB000C3F302618A40C3F30233DA40514B0790D7
:104EC0000021100A06920891059002910093A2FB1E
:104ED00003BA099B009A93426EDA9DF8203003933F
:104EE0000027494B039ADD5DC5F34003C5F38005F8
:104EF00004932B43934256D1444B33F81780079BBE
:104F000003FB08F8069BB3FBF8F2541EFF2C4AD8AB
:104F100002FB08F91DE0059BB9FBF3F37F2B03FBB4
:104F200000F040D90028B8BFFF300012A0F5C33010
:104F3000A0380028009AB8BF4042824240DC029B61
:104F4000F370337843F00403A9EB0809337054B3CA
:104F5000013C4A464FEAE9735846514608F0B8F812
:104F6000019A002AD7D1A0F5C333A03B002B009AA9
:104F7000B8BF5B429A4216DD0093234BB470DA5DF2
:104F80003378C2F3000161F38613049961F30413CB
:104F900065F3C30333707378C2F3C10262F3010394
:104FA0007370019B029301370D2F9AD1089BF3B1C7
:104FB000009B099A93421DDC00200BB0BDE8F08FE6
:104FC0000293114B049AD95D33780090C1F300002D
:104FD00060F3861362F3041365F3C30333707378CD
:104FE000B470C1F3C10161F301037370A7E701233A
:104FF00008936EE703200BB0BDE8F08F00E001409E
:1050000004020020A0860100F4D8000004D90000AA
:10501000F0B5EFF30383103B5BB203F1C001344AF8
:10502000344C52F821006FF3104042F8210054F83C
:105030002300C3691B6913B1036913B1F0BD036990
:1050400083B9D0E90824937803F07F03002143F06B
:1050500004039370C160002CF0D0BDE8F0408022C2
:10506000FFF7B2BC05785DB3066AF18AC1F304218B
:10507000A9421ED28478C2681F4F04F0030E744602
:105080000BE092F800C086F80FC001311B1B2244D0
:10509000A942C0E903230CD25BB1BEF1020FF0D1EB
:1050A000B2F800C04CEA070C1FFA8CFCA6F80EC040
:1050B000EBE732796FF3C7123271002BBED1C0E734
:1050C000827802F003010229C1680BD0046A0D78CE
:1050D000E57002F003029B1A0A44C0E90323002B87
:1050E000ACD1AEE70C88056A44F47E44EC81F0E76D
:1050F000006000407801002000FEFFFF10B582B084
:10510000EFF30383103B5BB203F1C001574A584CE5
:1051100052F821006FF3104042F8210054F8234068
:10512000E369DB6813B1A369002B49D122894FF6EB
:10513000FF739A4275D12278236AF2B1D98AC806E0
:1051400012D01B8AC3F308030193A369FBB9636AF6
:105150002BB1042201992046FFF736FC22782AB1B0
:10516000236AD98AC906E8D1BE221A7123894FF66B
:10517000FF72934231D102B010BDA17801F003015A
:105180000229DED05B790193A369002BDFD0A278DE
:10519000606902F0030201A908F088F9D4E9052149
:1051A000A37803F003031A44C91AC4E9052129B9F5
:1051B000636A1BB101222046FFF706FC2278CEE786
:1051C000636A0021C4E90511002BD4D001222046D6
:1051D00002B0BDE81040FFF7F7BB1A0A12012549DB
:1051E00052FA83F351F8232022F0011222F44042B4
:1051F00042F0040241F82320EFF31082012383F3ED
:1052000010881D4B196811B11968013919601B68A4
:105210001BB91A498020CB70C87082F3108802B085
:1052200010BDEFF31081012383F31088124B1A682D
:105230001AB91248C2704022C2701A6801321A604C
:1052400081F3108822890B49130A1B0153FA82F259
:1052500051F8223023F0011323F4404343F00503B7
:1052600041F82230236A227867E700BF00600040DF
:10527000780100200008044074010020000D044063
:1052800010B5EFF30384103C0B4B64B253F82400C9
:10529000D0E90821937803F07B03937019B10222BF
:1052A0000021FFF791FB054BC03453F824206FF326
:1052B000104243F8242010BD780100200060004017
:1052C00010B5EFF30384103C194B64B253F824007B
:1052D000037843B9837803F00303022B03D0036AF6
:1052E0005979C9B203E0036A198AC1F3080193F836
:1052F00004C01CF0100F0CF0380206D093F81CC04C
:105300001CF0010F08BF42F0400293F804C00CF0FB
:10531000C70C83F804C0436A0BB1FFF755FB054B7C
:10532000C03453F824206FF3104243F8242010BDFA
:10533000780100200060004030B5436A85B0044623
:105340008C4601ADABB193E8070085E807006268C1
:10535000117883F804C0A26A9A6019601846226A1C
:105360009047636A1BB195E8070083E8070005B022
:1053700030BD2B46EBE700BF10B4EFF30383103BC7
:105380005BB203F1C001144A144C52F821006FF3D0
:10539000104042F8210054F823305A69D9698A42F2
:1053A00006D2D3E90240A8B1805CE07001325A61B4
:1053B0008A4202D05DF8044B70471A69002AF9D17D
:1053C0009A685DF8044B937803F07B0343F0040381
:1053D00093707047E070E9E70060004078010020BA
:1053E00010B4EFF30383103B5BB203F1C001174A23
:1053F000174C52F821006FF3104042F8210054F886
:1054000023305A69D9698A4206D2D3E90240D0B121
:10541000805CE07001325A619A698A4207D29868CA
:1054200019694079541C9C618854D3E90621914242
:1054300006D19A68937803F03B0343F0040393701A
:105440005DF8044B7047E070E4E700BF0060004087
:105450007801002010B5EFF30384103C0A4B64B2CE
:10546000012153F824008268937803F003039370BA
:10547000FFF762FFC034054B53F824206FF310424E
:1054800043F8242010BD00BF7801002000600040D8
:1054900010B5EFF30384103C0C4B64B24FF0840C56
:1054A00053F8240083689A7802F003029A701A79FC
:1054B00083F804C00421FFF73FFFC034044B53F8C6
:1054C00024206FF3104243F8242010BD78010020FF
:1054D0000060004003685969A1B190F82D3070B5A3
:1054E000044603F0FF0563B98A68038C9668086870
:1054F000A1692A46B047E269C4E90852012384F849
:10550000333070BD704700BF70B5866B82B0044603
:105510000B466D463EB396E8030085E80300E26B58
:105520003371236832605A6912B194F82D10A1B119
:105530009B6913B194F82D2052B9636B304698479C
:10554000A36B1BB195E8030083E8030002B070BDB4
:105550009A68186813699847EFE7936810681B69A1
:1055600098472368E4E72E46D9E700BFEFF30383AB
:10557000103B5BB2044AC03352F823106FF3104162
:1055800042F82310704700BF0060004070B5EFF391
:105590000383103B5BB2614AC03352F823106FF3B0
:1055A000104142F82310EFF30383103B5C4A5BB2D7
:1055B00052F823402269137BC3F30000DB072CD48D
:1055C00094F82C3094F82A10994216D094F82D10A3
:1055D00009B1022B41D02046FFF77CFF236994F8E4
:1055E0002820DA7094F82B2094F82C30013A0133FB
:1055F00084F82B2084F82C3070BD94F8333003F0FD
:10560000FF053BBB236A93BB94F82E3063B3522152
:105610000123D17284F8303070BD94F82D308BB1F5
:1056200094F8313073B9636AA1695279CA54D4E9E4
:10563000082394F82E10013A0133C4E9082379B104
:105640002269E4E7002001215423206284F82F100E
:10565000D37270BD84F8330070BD5223D37270BD15
:1056600023695422DA7270BD5423D37270BD94F84A
:105670002D1041B9616AA069013B405C0131C4E968
:105680000831D07070BD94F8311000292ED02168F7
:1056900084F831504869002838D08969002935D00C
:1056A000E069022832D98E68831E0868B668F42142
:1056B00091709BB2A2692946B0472268E36952699A
:1056C000916810688E68023B9BB22A462946B04713
:1056D000E36922690220023BC4E90803012184F83E
:1056E00033100023FF209372D070CBE7636AA16967
:1056F0005279CA54D4E90832013B0132012BC4E982
:105700000832226904D0FF20D070BBE7012BE8D11A
:105710002023FF209372D070B4E700BF00600040E8
:105720007801002010B582B0EFF30383103B374AB5
:105730005BB252F823000269D37A6FF3C303D372CA
:1057400090F82F30ABBB90F82A1003F0FF0C90F8C4
:105750002C3099421BD1036A5BB990F82D1090F858
:105760003040002914BF02210321A4B3D372FFF7F4
:10577000CBFEEFF30383103B5BB2254AC03352F8F4
:1057800023106FF3104142F8231002B010BDB3B9DB
:10579000012929D090F829C00021D17282F803C0D4
:1057A00090F82B200133013A80F82B2080F82C3020
:1057B000DFE7F023D3720121FFF7A6FED9E790F8C7
:1057C0002D4004F0FF016CB1022BE5D190F829C007
:1057D0004CF0010CE0E7F023D372937803F0CF0391
:1057E0009370C4E78C46D7E70190FFF773FE0198EA
:1057F00090F82A30012B05D190F828C0026990F862
:105800002C30C9E7026990F82C30C3E778010020FA
:1058100000600040F0B583B0EFF30384103C154BFB
:1058200064B253F82450EF68BFB16A682B6992F9EB
:105830000D20121B18BF01226E46C3B193E803006E
:1058400086E803001A706A695A601846B8472B69DF
:105850001BB196E8030083E80300074BC03453F8FC
:1058600024206FF3104243F8242003B0F0BD3346E8
:10587000E8E700BF7801002000600040EFF30383F9
:10588000103B5BB20649074A51F823100120C03390
:10589000087252F823106FF3104142F8231070473A
:1058A00078010020006000400B0A1B01044853FAF5
:1058B00081F150F82130C3F340030020137070478A
:1058C00000080440C8B2012383404AB91A040B0AF5
:1058D0005B0103F1804303F5802300209A60704749
:1058E0009AB2F4E738B50488002C4DD04368002103
:1058F000043303EBC40040F202450C4640F2034C73
:1059000040F2044E0FE0624530D153F8042C02F00F
:10591000B852B2F1807F14BF41F0020144F002049A
:105920000833834211D01A88AA42ECD153F8042CD0
:1059300002F0B852B2F1807F03F1080314BF41F0C6
:10594000010144F001048342EDD1C943CDB20120ED
:1059500001F042FF0D4B93F8BB2414432C4083F815
:10596000BB440120BDE8384001F006BF7245D7D1E5
:1059700053F8042C02F0B852B2F1807F0CBF44F00F
:10598000040441F00401CBE7FF25E0E700E001401B
:1059900070B584B002AB012668460C461546ADF8DA
:1059A0000C100292ADF800600193FFF79BFFEFF33C
:1059B000108286F310881D490B681BB91C48C37000
:1059C0004023C3700B6801330B6082F31088EA0335
:1059D0004FEA1423E4B219D41B01164A234442F8B7
:1059E0002350EFF31082012383F310880B6813B167
:1059F0000B68013B0B600B681BB90D498020CB7015
:105A0000C87082F31088002004B070BD04EB03104E
:105A1000084A52F820606FF3104642F8206025F4DF
:105A2000803642F820601B01D7E700BF74010020D8
:105A3000000D04400008044070B5C36A84B00446F9
:105A40008C46164601AD9BB193E8070085E8070038
:105A500083F808C0226B1846C3E90026A26A904763
:105A6000E36A1BB195E8070083E8070004B070BD46
:105A70002B46EDE78268012370B580F820300226BE
:105A8000B323D37180F82160537904466FF3000388
:105A90005371C2690D46FFF7CFFFA368DE705A79D4
:105AA00042F001025A7194F82120012A16D094F88C
:105AB000212002B170BD052DFCD194F82320002ACD
:105AC000F8D194F821201AB95A7A02F0F3025A72E6
:105AD000BF210122D97184F8232070BD042DECD0A0
:105AE000082DE4D1E9E700BF30B583B0EFF30383BD
:105AF000103B5BB2454AC03352F823106FF310419C
:105B000042F82310EFF30383103B5BB2404A52F894
:105B1000234094F82230B3B9A368012284F82220EC
:105B2000DA7CD2B28DF805209DF8052012F0010F25
:105B30005A7A14BF02F0F70202F0F3025A72AC2252
:105B4000DA7103B030BD94F820304BB9A3681B7AEA
:105B500013F0080F204614BF08210421FFF78AFF25
:105B60002269A2B9A368D97CC9B28DF806109DF844
:105B70000610197941F010011971197941F00801E5
:105B80001971197962F30411197103B030BDA36959
:105B9000A1689A4209D0E268C97C581CA061D1541E
:105BA000E3690133E36103B030BD022584F821507D
:105BB0004B79E2696FF300034B7120460621FFF732
:105BC0003BFFA3682169DD705A7942F001025A71E6
:105BD00091B9DA7CD2B28DF807209DF807201A79A6
:105BE00042F010021A711A7942F008021A711A79F9
:105BF00061F304121A71A4E7A269E168DB7C501C0E
:105C0000A0618B54E3690133E3619AE700600040CF
:105C10007801002038B5EFF30383103B5BB2244AD0
:105C2000C03352F823106FF3104142F82310EFF302
:105C30000383103B5BB21F4A52F8234094F8203094
:105C400093B194F8213003F0FF0263B9A36921698D
:105C500099420ED0E269E068A168C05C88740133A3
:105C60000132C4E9063238BD05212046FFF702FFA4
:105C7000E7E723680E4993F90E3003F1C000002BCB
:105C800051F8205062F3104541F8205009DB5A09C1
:105C9000094803F01F030121603201FA03F340F8C1
:105CA0002230A268D37943F04003D37138BD00BFDE
:105CB000006000407801002000E100E038B5EFF31B
:105CC0000383103B204A5BB252F82340A1680B7952
:105CD0005807C3F3800217D5CA796FF38612C02321
:105CE000CA7101E0013B02D0CA795206FAD4EFF33F
:105CF0000383103B5BB2154AC03352F823106FF395
:105D0000104142F8231038BD022584F821504B7908
:105D100062F300034B71E26907212046FFF78CFE16
:105D2000A168CD704B7943F001034B7194F8213099
:105D3000002BD1D1A369E269E0680132C05C8874AC
:105D40000133C4E90632C7E7780100200060004053
:105D500010B582B0EFF30383103B3E4A5BB252F8BA
:105D6000230083685A7A91074DD1D1B211F00C0FFC
:105D70003CD0012280F8242090F82120012A65D00F
:105D8000016982699142C26988BF02F1FF324FF016
:105D9000030188BFC2614FF0000EA024DC7180F8BF
:105DA00020E080F822E093F805C06EF3000C83F841
:105DB00005C090F82440002C43D1DF241C709F24A0
:105DC0001C7000240223C46180F82130FFF734FEE8
:105DD000EFF30383103B5BB21F4AC03352F823102A
:105DE0006FF3104142F8231002B010BDCA06EFD580
:105DF000DA7CD2B28DF807209DF80720DA7902F01C
:105E0000EF02DA71E4E70022A02180F82420D971A2
:105E100080F8202080F82220597962F3000159711E
:105E200090F8241081B9DF219F2219701A70002187
:105E30000223C26980F82130C1610121FFF7FCFD16
:105E4000C6E783F809E0BCE75A72F0E7C2690221AD
:105E5000A1E700BF780100200060004030B5836BEF
:105E600083B004460A466D46A3B193E8030085E873
:105E70000300E16B1A71626B196018469047A36BBF
:105E80001BB195E8030083E80300002384F82B305E
:105E900003B030BD2B46ECE7036902682DE9F04FF3
:105EA0001F241C705F241C70DF241C70546A55680A
:105EB0002279564EDFF8608142F0E0021A74E278EF
:105EC00042F0E0025A74A278120102F0700242F02D
:105ED00008029A7022786478012A0CBF05220422F5
:105EE00042EA4402D2B2DA70494A95420CBFF72224
:105EF00077225A710027B3229F71DA7191F911202C
:105F000091F80DC0B4184FEA0C1C5FFA8CFC84F8B1
:105F100000C302F1C00548F822003E4C4FEA521E71
:105F200054F825904FEA8E0E67F310490EF1604E3B
:105F300044F825900EF5614E012502F01F0205FA86
:105F400002F2CEF88021CEF8002091F90F2006EB66
:105F5000020E02F1C0098EF800C348F822004FEA91
:105F6000521E4FEA8E0E54F829B00EF1604E0EF517
:105F7000614E02F01F0205FA02F267F3104B44F87B
:105F800029B0CEF88021CEF8002091F9102006EB40
:105F9000020E02F1C0098EF800C348F822004FEA51
:105FA000521E54F829B04FEA8E0E0EF1604E0EF5D7
:105FB000614E02F01F0267F3104B44F829B005FA56
:105FC00002F2CEF88021CEF8002091F90E100E4496
:105FD0004A0986F800C348F8210001F1C00001F029
:105FE0001F018D4054F82010920002F1604267F3C7
:105FF000104144F8201002F561424FF09F0AC2F8A8
:106000008051156083F800A0BDE8F08F00E100E04A
:1060100040420F00006000407801002010B483B0BF
:10602000EFF30383103B5BB2484AC03352F82310AE
:106030006FF3104142F82310EFF30383103B444AFF
:106040005BB252F8233093F82D20BAB99A69022A2C
:106050001A699EBF117941F040011171D969012976
:1060600017D0D27CD2B28DF8072001219DF80720ED
:1060700083F82D1003B05DF8044B7047DA69002AED
:10608000F8D0032A0ED0022A4ED0012A21D0196955
:106090000DE0117941F010011171117941F0080101
:1060A0001171DEE719690A7942F040020A711A6A31
:1060B0005869C97C8154D3E907210131013AC3E908
:1060C0000721002AD6D119690B7962F386130B7167
:1060D000D0E793F82A1089B319681E4C91F90F1074
:1060E0004809203001F01F0102FA01F144F82010A4
:1060F000BFF34F8FBFF36F8F1969C87940F08000ED
:10610000C871087940F01000087108794FF0040C4C
:106110006FF3C300087181F801C048796FF3000084
:10612000487183F82C20C2E719690A7942F01002FD
:106130000A710A7942F008020A71B8E719694A7AC5
:10614000082002F0F7024A724870B0E70060004091
:106150007801002000E100E0EFF30383103B5BB225
:10616000354AC03352F823106FF3104142F8231020
:10617000EFF30383103B5BB2304A52F8232092F8CE
:106180002730002B37D192F829309BBBD36910B44C
:10619000002B42D11069C1796FF3C711C023C171BF
:1061A00001E0013B02D0C179C909FAD11368224A42
:1061B00093F9103003F1C001002B52F821406FF326
:1061C000104442F8214009DB5A091D4C03F01F031B
:1061D0000121603201FA03F344F82230C3795DF8FB
:1061E000044B43F04003C3717047022909D192F870
:1061F000300030B9704792F82610032992F8281021
:10620000F3D0106992F824C080F812C00131013B2C
:1062100082F8281082F827307047D2E90404116A06
:10622000013B645C84740131C2E90731002BB2D0B8
:106230005DF8044B704700BF00600040780100200B
:1062400000E100E010B4EFF30383103B2B4A5BB294
:1062500052F8233093F829201AB193F82720012A05
:1062600047D0DA69D2B11969CA796FF38612C023AF
:10627000CA7101E0013B02D0CA795206FAD4EFF3A9
:106280000383103B5BB21E4AC03352F823106FF3F6
:10629000104142F823105DF8044B704793F82A1020
:1062A000F9B11968174C91F90F10480920304FF0D7
:1062B000010C01F01F010CFA01F144F82010BFF3AA
:1062C0004F8FBFF36F8F1969C87940F08000C87194
:1062D00004204870487962F30000487183F82CC0AC
:1062E000C2E719694B7A082203F0F7034B724A7030
:1062F000BAE793F83020002AB3D1B4E77801002040
:106300000060004000E100E038B5EFF30383103B8C
:106310004B4A5BB2E02152F8234023695A7A597202
:10632000D506D0B202F003011FD55A78520648D4E0
:10633000E269012184F82B10002A5ED00025216833
:10634000DD712046FFF7A8FD94F82610A2692369A5
:10635000E56184F82810226284F82C50B322DA71A7
:1063600001212046FFF77AFD12E00029E0D1010764
:106370001BD594F82B20002A48D194F82910B32279
:10638000002914BF02210321DA712046FFF766FDC0
:10639000EFF30383103B5BB22A4AC03352F8231059
:1063A0006FF3104142F8231038BD94F82C20002AD6
:1063B000EED04207ECD594F82B200121002AE4D13D
:1063C000DBE70029B4D15A785506C2F38011CED547
:1063D00084F82B105A7A216802F0F702496A5A723F
:1063E000082058700A78012A0CBF03220222DA70B2
:1063F0005A7942F001025A71CAE794F82C20002A17
:106400009CD194F82B20002AA8D097E7E2696AB1C2
:10641000002294F82600A169E26184F82800216234
:1064200084F82C20B322DA710121AEE794F82C20F5
:10643000002AEDD194F82B20002AF3D0E8E700BF22
:10644000780100200060004010B582B0EFF30384B3
:10645000103C164B164964B253F8242050790B5C5B
:1064600003F00303032B0FD0C03451F824306FF333
:10647000104341F82430936823B1D268CDE900205D
:106480006846984702B010BD936823B1D268CDE941
:10649000002068469847064BC03453F824206FF319
:1064A000104243F8242002B010BD00BF7801002044
:1064B000006000400346D3E9022300205360704788
:1064C000D0E90123D26930B4D2E9011444F0004488
:1064D000D0685C61D2E9045440F0004041F00041D2
:1064E0009861196100205D629C6230BC704700BFFA
:1064F000002800DA704710B400F16043114C03F536
:1065000061430901C9B283F8001344F820200E4901
:1065100000F1C00200F01F0C400951F82240800039
:1065200000F1604000F561406FF31044012341F831
:10653000224003FA0CF3C0F880315DF8044B03608D
:10654000704700BF780100200060004070B583698B
:1065500084B004468C46164601AD9BB193E8070013
:1065600085E8070083F804C0E2691A609E60184657
:1065700062699047A3691BB195E8070083E80700AB
:1065800004B070BD2B46EDE790F800C0486EBCF13A
:10659000030F98BF01300AB1824227D310B4019C87
:1065A000496BE40754BF01F01F01C1F30441BCF182
:1065B000030F09D9090981F0010172B9E9B9022271
:1065C0005DF8044B5A60704701F00C01A1F1040121
:1065D000B1FA81F14909002AF0D0824201D30029A1
:1065E000EDD103225DF8044B5A607047BCF1030FF4
:1065F00098BF02F1FF321A6070470028DFD0F0E741
:106600002DE9F0470B7C0D46012101FA03F2C2602F
:10661000920716BF002201740274D5E9052103F523
:10662000800303F5F0631B0242610022EE694560BE
:10663000C0E9062184B004468360EFF31080012393
:1066400083F31088854B297C0229D3F8081134BFC5
:106650006FF020076FF040073940C3F80811D3F8F6
:10666000083180F31088A3686F684FF425411960E2
:10667000DA62DA639A642A78297A032A4FEAC151E6
:1066800007F1FF3C00F0D58084BF41EA0241BC46DF
:10669000D6E9068ED9624FF0004119610020596198
:1066A00099614FF0FF315862039098620291C3F8EC
:1066B0001C80C3F820E0D6F82C80C3F868C0C3F86B
:1066C00064C0002A40F0A080790801390291404658
:1066D00001224FF0030C5965996500285DD095F8AB
:1066E00000E0B76A002F71D0B97897F803900906D7
:1066F00041EA097197F8049041EA09419963B96840
:10670000C3F88C10002965D0012148B997F81C9076
:1067100097F81BA04FEA496949EA4A2948EA09085B
:10672000C3F8881040B996F8211096F82000490760
:1067300041EA403148EA01084FF4AA01BEF1010FD5
:10674000196402D10021D9641965E168D960C3F8E0
:106750003480C3F830C01A63697C95F91200224670
:10676000FFF7C6FE96F8221096F924002246FFF79E
:10677000BFFE96F8231096F925002246FFF7B8FED3
:106780002FB1397897F901002246FFF7B1FE344B5B
:106790002360002004B0BDE8F0873178F9B995F89E
:1067A00000E0B17800299CD0F778BEF1020F4FEAE3
:1067B000071141EA87113FD04BD903273943B76A04
:1067C00048EA014848F08078002F8DD19F63C3F8D4
:1067D0008870A7E7F968003918BF012195E795F897
:1067E00000E07178BEF1020F4FEA81194FEA0117FC
:1067F00024D029D9032148EA010848EA090848EACF
:10680000070848F48078CCE7012A19D0009019468F
:10681000EA68606802ABFFF7B7FEDDE90210020428
:1068200042EA006242F0030CA368F06A42F00102FF
:1068300051E741F480312BE70927BFE70921DAE767
:1068400040464FF0030C46E7002914BF09210621FA
:10685000D1E7002F14BF09270627AFE7006F0440D8
:106860005450470030B4436893F91220DB69002A82
:1068700011DB51092E4D02F01F0C2031012404FAC6
:106880000CF445F82140BFF34F8FBFF36F8F2949B8
:10689000002441F8224093F92420002A11DB5109F9
:1068A000234D02F01F0C2031012404FA0CF445F8AA
:1068B0002140BFF34F8FBFF36F8F1E49002441F873
:1068C000224093F92520002A11DB5109184D02F0CE
:1068D0001F0C2031012404FA0CF445F82140BFF3C9
:1068E0004F8FBFF36F8F1349002441F822409B6AFA
:1068F000A3B193F90130002B10DB03F01F045A09F8
:106900000121A14020320A4C44F82210BFF34F8FDE
:10691000BFF36F8F074A002142F823108268C168D5
:106920000023036030BC184691605363704700BF7A
:1069300000E100E07801002030B4EFF30383103B66
:106940005BB2184A184C03F1C00152F821006FF3F2
:10695000104042F8210054F82300446894F800C025
:10696000BCF1010F15D1D0E90254AC600024AC6435
:10697000EC642C6552F8215064F3104542F8215024
:106980005A090A4903F01F0360320CFA03F341F875
:106990002230436923B1002230BC1146FFF7D6BD37
:1069A00030BC7047006000407801002000E100E04A
:1069B0001E4B10B4C3600B7803F001034370EFF378
:1069C000108C012484F31088194BD3F8082122F489
:1069D0008012C3F80821D3F808318CF31088EFF344
:1069E000108C84F310884278D2B9C468237962F39A
:1069F000861323718CF310884A684B78D278C46868
:106A0000D201DB01D2B2DBB26271A3710123E37167
:106A10000A780270074B43605DF8044B0020704712
:106A2000C26813796FF3C7131371E3E700E0054001
:106A3000006F044000434144C3684278002023F8BB
:106A400012107047EFF31083012282F3108842780E
:106A5000C1683AB90A7942F040020A7183F310889A
:106A6000002070470A7942F080020A7183F310888F
:106A700000207047EFF31081012383F310884278E0
:106A800042B9C068037962F38613037181F31088F9
:106A900000207047C26813796FF3C713137181F335
:106AA00010880020704700BFEFF3108C012383F3A0
:106AB0001088437873B9C268117963F38611117134
:106AC000117A63F3861111728CF3108800234360EE
:106AD00018467047C3681A796FF3C7121A711A7A89
:106AE0006FF3C7121A72EFE7F0B5076A8BB006466C
:106AF00067B3BE468C46BEE80F006C460FC4BEE8C6
:106B00000F000FC49EE8030084E80300BCE80F00F8
:106B10003D460FC5BCE80F000FC59CE803008EE89A
:106B20000300F36938469847336A6BB1EE469C46DA
:106B3000BEE80F00ACE80F00BEE80F00ACE80F00A5
:106B40009EE803008CE803000BB0F0BD0F46E8E7B9
:106B500030B58BB0EFF30383103B5BB22E4AC033EA
:106B600052F823106FF3104142F82310EFF3038320
:106B7000103B5BB2294A52F8235000212822684674
:106B800006F09FFC6C6894F84D380020DBB284F866
:106B90004D08ADF80430B4F84218C1F30012C9062C
:106BA00038D543F02003ADF80430022394F853287D
:106BB00084F8533894F8523803F01F03D2B2E11826
:106BC00084F8532891F8202860F3820281F8202865
:106BD0002A681268009269466A6A039328460492FA
:106BE000FFF782FFB4F84238DB0611D52B681A692B
:106BF000127D6AB193F91530002B09DB5A09084858
:106C000003F01F030121403201FA03F340F8223060
:106C10000BB030BD1346DBE7006000407801002078
:106C200000E100E02DE9F0418AB0EFF30383103B6F
:106C30005BB23F4AC03352F823106FF3104142F861
:106C40002310EFF30384103C3A4B66B2002253F852
:106C50002600D0E900E595F8533885F8532895F8D3
:106C6000527807F01F07DBB207F1200285F853388E
:106C7000130104F0FF0455F803C0CCF380718DF8C4
:106C80001910E958DEF810301B7B43EAD17303F08A
:106C900001038DF81830002B46D1CCF38A4305EB65
:106CA000021205939188C1F3030301F00F01082933
:106CB0008DF81A3035D908218DF81A1008AA00234A
:106CC00005EB071808EB030C01339CF806C202F829
:106CD00001CB8B42F6D3DEF8003003972F440093AC
:106CE000442387F82038002307934FF48063ADF8DE
:106CF00004306946436A0493FFF7F6FEB5F842385C
:106D0000DB070BD5002E09DB76090B4A04F01F04C4
:106D10000123403603FA04F442F826400AB0BDE8E5
:106D2000F0810029CAD1D6E72CF06043B7E700BF55
:106D3000006000407801002000E100E070B58AB0FA
:106D4000EFF30383103B5BB2214AC03352F82310A8
:106D50006FF3104142F82310EFF30383103B1D4AF9
:106D60005BB2012652F823506C6894F8532884F8DB
:106D7000536894F85238D2B203F01F0384F85328B2
:106D80000393E2184FF40063ADF804302B681B68DE
:106D900000936B6A0493002382F82038694682F8D6
:106DA00020382846FFF7A0FEB4F842389B070CD5E0
:106DB0002B6893F91730002B07DB5A09064903F0BB
:106DC0001F0340329E4041F822600AB070BD00BFF0
:106DD000006000407801002000E100E08268117A44
:106DE00001F00101137AC3F340039942FAD14368D9
:106DF0001978012908D1C16893F810C004484B1EC6
:106E00009BB240F82C101380F123137200207047BE
:106E10002C010020D0E90223013BF1219BB2138019
:106E200000201172704700BF8268117A01F00101E1
:106E3000137AC3F340039942FAD143684FF0F40C3C
:106E4000002182F808C0117393F9123013F1210F59
:106E500003D100230360184670478B421ADB5A099E
:106E600010B401210F4C203203F01F0301FA03F389
:106E700044F82230BFF34F8FBFF36F8F43680A4A45
:106E800093F912305DF8044B42F8230000230360AD
:106E900018467047044A42F823000023036018464E
:106EA000704700BF00E100E078010020F0B40B7CE7
:106EB00003F1401303F500631B02C0E90113EFF374
:106EC0001085012383F310880C7C394AC4F1030434
:106ED000A340D2F8084124EA0303C2F80831D2F8EB
:106EE000083185F31088826800231372137AC3F384
:106EF000400C9B07FAD4CC6982F80AC0E378267864
:106F00000D7A247903F00703002E42D1002D47D1DA
:106F100014734C684768002696735372631E95720B
:106F20009BB2C4603D7C1380224B43F8254091F90D
:106F30001230B34222DB4A7C03F1604404F5614421
:106F40001201D2B284F800231B4A1C4C42F82300E1
:106F500003F1C0055A0954F82570920002F160420D
:106F600066F3104744F8257002F5614203F01F03F1
:106F7000012404FA03F3C2F880311360D1E905411A
:106F800000230F4A0461C0E905310260F0BC1846D5
:106F90007047502E06BF43F0500365463343B7E7B2
:106FA00085F0020543EA0513DBB23546B0E700BFC2
:106FB000006F04402C010020780100200060004098
:106FC00054474100F0B585B0EFF30383103B5BB24B
:106FD00003F1C0011B4A1C4C52F821006FF3104012
:106FE00042F8210054F82340D4E901120978137AB9
:106FF0000129DBB204D1F42103F0F0031172137202
:107000002769B7B1656901AECDB195E8070086E89B
:1070100007009B0644BF00232B71A3692B60284601
:10702000B84763691BB196E8070083E80700A268C8
:10703000137ADBB203F00F03137205B0F0BD3546CF
:10704000E7E700BF00600040780100200346002011
:107050001A689B8A1380704703681B88C3F3C03388
:1070600000200B70704700BF03681031002033F818
:1070700011301380704700BF43682DE9F041D1E91A
:1070800001250C685E6903681FFA84F8A3F8048080
:107090001FFA82F8A3F8148022F0405C1FFA85F8EA
:1070A00024F0405E25F040572243A3F808804FEAC1
:1070B0001C4C3F0C4FEA1E4812F0405FA3F80680BC
:1070C000A3F816C05F8159D1CA68002A00F09880E1
:1070D00015892F0522D5D2E900C7B2F80A80A3F896
:1070E0009050A3F89C80B2F80C80A3F89E801FFA01
:1070F0008CF8A3F89480CCF30B484FEA1C7CA3F8DF
:10710000968083F892C01FFA87FCA3F898C0C7F353
:107110000B4C3F0FA3F89AC083F89370AF051FD4B0
:107120000A8AA3F89050A3F88020F27892B11A88C6
:10713000BEFA8EF11FFA82FE2EF01F0E0EF11F0E08
:10714000828AAEEB010E1FFA8EFE4EEA0202A3F80F
:1071500000E082822B4BC0E903340020BDE8F081BF
:10716000977C92F813C047EA0C0783F8A670D7897A
:10717000128AA3F8A870A3F8AA20D1E7224FD7F863
:107180002080224F3F68C8F3026C07FA0CFCC8F35A
:1071900002181F4F2CFA08FCA7FB0C7C4FEA9C1C22
:1071A0001C4F41F2883808FB0CFCA7FB0C7C4FEA13
:1071B0009C4C0CF1010CBCF1070F38BF4FF0070CD1
:1071C00012F080570AD05FFA8CF715F0805F83F8D1
:1071D000DE7040F2011708BF4FF48077920009D5A6
:1071E0005FFA8CFC47F40077AA0083F8DFC048BF41
:1071F00047F00207CA68BFB25F82002A7FF468AF17
:1072000015468DE74344415200E00140040200204E
:10721000D34D621083DE1B432DE9F8430B880C46E7
:107220005B0222696669C968026203F1804303F563
:10723000B8230022036081614460C26131796279C0
:107240000546A0788F074FEA0223F17843EA4033DE
:1072500054BF43F0400343F48863002900F0DF800B
:1072600043F42073022A08BF764A9BB208BF32F863
:1072700021C0AB8218BF4FF0000C2279E178707802
:1072800096F800E0D20342EA410242EA4010EFF3EE
:107290001088012181F310886B4F2288D7F808915C
:1072A000C2F1100201FA02F229EA0202C7F808212B
:1072B000D7F8082188F3108847F6FF572A6880B26C
:1072C0003B401380A2F810C0D08182F80CE03379E3
:1072D000980700F1AD8082F88A3094F90630002BCF
:1072E00022DB227A03F1604101F561411201D2B241
:1072F00081F80023554A564942F8235003F1C00053
:107300005A0951F82070920002F160426FF3104761
:1073100041F8207002F5614203F01F03012101FAD8
:1073200003F3C2F88031136094F90730002B22DB9D
:10733000627A03F1604101F561411201D2B281F834
:107340000023424A424942F8235003F1C0005A093F
:1073500051F82040920002F160426FF3104441F86E
:10736000204002F5614203F01F03012101FA03F3FB
:10737000C2F88031136096F90630002B22DB327A96
:1073800003F1604101F561411201D2B281F800239D
:107390002E4A2F4942F8235003F1C0005A0951F8F0
:1073A0002040920002F160426FF3104441F8204007
:1073B00002F5614203F01F03012101FA03F3C2F851
:1073C0008031136096F90730002B22DB727A1F4858
:1073D00003F1604101F561411201D2B281F800234D
:1073E00040F8235003F1C001194A52F821006FF30D
:1073F000104042F821005A09920002F1604202F561
:10740000614203F01F03012101FA03F3C2F8803146
:107410001360104BAB6000202861BDE8F883002AA0
:107420007FF420AF43F400439BB2AB82944624E741
:1074300043F0030382F88A30084600F03DF92A68D9
:10744000337948E720D90000006F0440780100201C
:10745000006000404344415270B40021C0E9021171
:10746000436893F906205C698A4211DB5309364E62
:10747000203302F01F0C012505FA0CF546F82350C5
:10748000BFF34F8FBFF36F8F304B43F82210436829
:1074900093F90730002B11DB5A092B4D03F01F0C19
:1074A0002032012101FA0CF145F82210BFF34F8F71
:1074B000BFF36F8F254A002142F8231094F906305C
:1074C000002B11DB5A09204D03F01F0C2032012143
:1074D00001FA0CF145F82210BFF34F8FBFF36F8F05
:1074E0001A4A002142F8231094F90730002B10DBD0
:1074F00003F01F045A090121A1402032124C44F824
:107500002210BFF34F8FBFF36F8F104A002142F854
:107510002310036800221A821A80EFF310840123DB
:1075200083F3108840680A490088C0F11000834046
:10753000D1F808010343C1F80831D1F8083184F3C8
:107540001088104670BC704700E100E07801002010
:10755000006F0440064B074993F826001A6A51F859
:1075600020300549C2F30262D3400B60704700BF70
:1075700000E00140E80000200402002038B5434B41
:10758000434C444844494AF20355A3F8FE530022B1
:10759000424DA0F8002121604FF4004193F82600ED
:1075A000C4E90151C4E90321196A626154F8202039
:1075B0003B4DC1F30261CA40082009212A6083F8CB
:1075C000130483F8A21093F88024002A55D02F4B7F
:1075D000002283F8812483F8802493F8A0208AB1C4
:1075E00093F83620002A3FD0284A92F8A030D806D7
:1075F000C3F30011F9D4254882F8A01090F8A03008
:10760000D906FBD4214B002283F8362093F83C2086
:10761000D207FBD50121002283F8311083F8262000
:10762000204A1A6293F8262054F822001C6A194A4C
:10763000C4F30264E04028604FF0040C842083F817
:107640003EC083F83E004FF4254083F8D010A3F8E5
:10765000FE03A2F80411B2F804319BB2002BFAD158
:107660000123A2F8003138BD93F83C20D207BBD4E7
:1076700093F83C20D207F7D5B6E7012183F88014B0
:1076800040F2C44000F018F8A1E700BF00E001405C
:10769000E800002000C00140006CDC0200127A000B
:1076A0000402002000010110704700BFA0F101009A
:1076B0000028FBD1704700BF30B5144D144A00FBC1
:1076C00001F14FF47A732868B2FBF0F2A1FB03C416
:1076D0004FF0FF304FF0000E60457EEB040407D3FF
:1076E000BCFBF2F0800878B1BDE83040FFF7DEBFA8
:1076F0009200B1FBF2F1A1FB031388427EEB03037E
:10770000F2D308460028EFD130BD00BF04020020AC
:1077100000CA9A3B0B4B70B5B3F840510A4E002497
:10772000ADB225FA04F3DB07E0B203D556F82430F6
:1077300003B198470134102CF3D1024BA3F8305118
:1077400070BD00BF0060004034010020084B10B441
:10775000084C03F1200C5842C21813F8011FC03224
:10776000634544F82210F7D15DF8044B704700BF21
:107770003EDA000000600040EFF31081012383F344
:107780001088124B33F8102092B22AB133F810202F
:10779000013A92B223F8102033F810309BB293B91B
:1077A0000B4A10B4B2F8FE330A4C9BB234F8100006
:1077B00043F4254323EA0003A2F8FE3381F3108843
:1077C0005DF8044B704781F310887047F801002082
:1077D00000E001402CD9000030B4EFF31081012308
:1077E00083F310880E4A32F810309BB26BB90D4CFF
:1077F0000D4DB4F8FE3335F810C09BB243EA0C03CC
:1078000043F425439BB2A4F8FE3332F81030013321
:107810009BB222F8103081F3108830BC704700BF53
:10782000F801002000E001402CD900000B4A08B507
:107830000346106840B10333094923F003030344AE
:107840008B4204D8136008BD06481060F3E705F0CA
:1078500017FE0C2303604FF0FF3008BD000200202C
:10786000007B00208813002000BE704708B500F0A0
:1078700005F8FCF779FDFEE7704700BF70B5464B91
:10788000464A47484FF47004C3F888404AF2025110
:1078900098600123A2F8FE1382B082F81F3492F898
:1078A000B134DB06FBD500204FF425460446A2F890
:1078B000FE63FFF7E1FFFFF761FE8DF8074001204F
:1078C0009DF80730FFF788FFEFF31081012585F35E
:1078D0001088344BD3F8042122F00042C3F804216D
:1078E000D3F8042181F310882F4A1168C1F30001F5
:1078F0008DF807101168C1F300018DF807101268A8
:10790000C2F300028DF80720EFF3108185F3108891
:10791000D3F8042142F00042C3F80421D3F8043123
:1079200081F310882846FFF727FF2846FFF7A4FFBA
:107930001E4B1F499C801F4A1E8099601E49D960BA
:107940004FF48051A2F820111C481D4A9D80121A44
:10795000214605F0B6FD1B481B4A1C491C4D121A56
:1079600005F0A4FD1B4B5B1BA3424FEAA30605DDFC
:1079700055F8043B01349847A642F9DCFFF7EAFDCD
:107980000220FFF779FFFFF7E1FE002002B0BDE81B
:107990007040FFF789BE00BF00ED00E000E001404D
:1079A00000400000006F044000080440000D00404B
:1079B000007B002000600040007F002000010020CC
:1079C0008813002000000020E8000020CCDA00002E
:1079D000B0000020D400002000220270C0E9012283
:1079E00080F83520012280F83620DF228277704728
:1079F0002DE9F04704464FF000081F469DF8283057
:107A000080F8008021730375089B0361099B8361E3
:107A10000B9B03620C9BDFF84091C0E90938FF2300
:107A20008A4643771546002A3ED184F835205020F7
:107A300004F004FF4FF6FF73A0F8423000F1200875
:107A4000DF2380F8205080F8215080F8225080F801
:107A50002350C0E90955C562C0E90E55C0E90C556F
:107A600080F8443080F8453080F8405080F841502C
:107A7000C0E91255C4F8288020222946064605F0A0
:107A800020FD072FA6605AD8314ABAF1020FD35D04
:107A9000114642D099F80000002856D1002B4ED153
:107AA00002232777D35548E0012A48D184F83520AE
:107AB000242004F0C3FE837880F8008068F302037A
:107AC00083704378C57003F0F80368F30613064625
:107AD000437080F8048080F8058080F80680A062FA
:107AE0001C224146083005F0ECFC012F666026D8C8
:107AF000184BBAF1020FDA5D194602D099F800006E
:107B000028B1012A1BD802232777CB5515E0B2B93B
:107B10000222DA552777257011E0012BF3D9277758
:107B2000384601F0FBFB3022816A404605F0BEFC7E
:107B3000384601F0F3FB036BA3610123237000239C
:107B400089F800302078BDE8F087012BDAE700BF24
:107B50000A020020080200201202002038B590F826
:107B6000353004468BB9806808B9002038BD04F16F
:107B70000C01FEF745FD0546A068FEF7A1FC0E2DA1
:107B800001D0002DF1D10120F0E7012BEDD14068AB
:107B90000028EAD004F10C010830FFF787F9054608
:107BA00060680830FFF736F9E9E708B590F8353036
:107BB0003BB9806820B1FEF77DFCB0FA80F0400947
:107BC00008BD012B06D140680028F9D00830FFF726
:107BD00005F9F2E70020F3E708B590F835303BB936
:107BE000806820B1FEF73EFEB0FA80F0400908BD83
:107BF000012B06D140680028F9D00830FFF714F9AE
:107C0000F2E70020F3E7FFFF38B50446FFF7E4FF93
:107C1000606838B1237F0C4A00252421D55404F034
:107C200035FE6560A56875B1237F084AA86C002100
:107C3000D15410B1202104F029FE5021284604F02F
:107C400025FE0023A36038BD080200200A020020A0
:107C500010B50446FFF7D8FF204610BD01F10C0314
:107C600003608B6803B1203343604B6883607047C7
:107C7000836823B11868003018BF0120704740683E
:107C80000028FBD08068F6E7F0B585B004460F46C3
:107C9000014601A81546FFF7E1FF2046FFF7E8FF80
:107CA000064610B12046FFF797FF00F057F82A4626
:107CB00001A900F01FF9054650B167772EB12046A3
:107CC000FFF74CFF2046FFF770FF284605B0F0BDD8
:107CD000DF23A377F2E7FFFF0028A8BF00F1604091
:107CE0004FEA0111AEBF00F5614000F00F00034BF9
:107CF000C9B2ACBF80F800131954704714ED00E00E
:107D000000F1C0020A4B53F822106FF3104143F800
:107D1000221000F01F024009800000F1604000F5D1
:107D2000614001239340C0F880310360704700BF79
:107D3000006000404309012200F01F0002FA00F039
:107D40002033044A42F82300BFF34F8FBFF36F8FF5
:107D5000704700BF00E100E07047FFFF38B50A4DF3
:107D60002B78BFF35B8F13F001040BD1284604F08E
:107D700076FD38B1054B28461C6004F07CFD0448B4
:107D800001F02AFD014838BD14020020180200202D
:107D9000597D00002AB9304BC031012243F821201F
:107DA0007047012A03D1C0312B4B0222F6E7022A89
:107DB00003D1C031284B0322F0E7032A03D1C0319D
:107DC000254B0422EAE7042A03D1C031224B0522C5
:107DD000E4E7052A03D1C0311F4B0622DEE7062A5D
:107DE00003D1C0311C4B0722D8E7072A03D1C03189
:107DF000194B0822D2E7082A03D1C031164B0922B9
:107E0000CCE7092A03D1C031134B0A22C6E70A2A5C
:107E100003D1C031104B0B22C0E70B2A03D1C03174
:107E20000D4B0C22BAE70C2A03D1C0310A4B0D22AC
:107E3000B4E70D2A03D1C031074B0E22AEE70E2A5C
:107E400003D1C031044B0F22A8E70F2AA8D1C031BB
:107E5000014B1022A2E700BF0060004032B91A4B6C
:107E6000C0315D2243F8212001207047012A05D14D
:107E7000C031154B652043F82100F5E7022A03D1F4
:107E8000C031114B6D22EDE7032A03D1C0310E4BF7
:107E90007522E7E7042A03D1C0310B4B7D22E1E7CD
:107EA000052A03D1C031084B8522DBE7062A03D11E
:107EB000C031054B8D22D5E7072A03D1C031024BD3
:107EC0009522CFE7002070470060004032B9C031F2
:107ED000074B1E2243F8212001207047012A05D1BB
:107EE000C031034B212043F82100F5E70020704703
:107EF00000600040F8B50E4601681B4B1F2905467F
:107F000017469C682CD8336893F91220213201D08F
:107F10000120F8BD7268403482B11A7CFFF79EFFE1
:107F20000028F5D03268082353742B689374A7B9DE
:107F30000E4A44F8232001332B60EAE7B2688AB185
:107F40001A7CFFF7C3FF0028E2D03268082353747D
:107F50002B6893740FB9064AEBE744F82370EAE7FD
:107F60000020D6E71046D4E700ED00E039690000B4
:107F7000C56F00002AB9064BC031362243F82120D4
:107F80007047012AFCD1C031014B3B22F6E700BF0C
:107F9000006000402AB9064BC031352243F8212049
:107FA0007047012AFCD1C031014B3A22F6E700BFED
:107FB000006000402AB9064BC031372243F8212027
:107FC0007047012AFCD1C031014B3C22F6E700BFCB
:107FD000006000402AB9064BC031382243F8212006
:107FE0007047012AFCD1C031014B3D22F6E700BFAA
:107FF000006000402AB90C4BC031992243F821207F
:108000007047012A03D1C031074B9F22F6E7022AAD
:1080100003D1C031044BA422F0E7092AF0D1C031CA
:10802000014BA922EAE700BF006000402AB90C4BCF
:10803000C031982243F821207047012A03D1C03172
:10804000074B9E22F6E7022A03D1C031044BA3223C
:10805000F0E7092AF0D1C031014BA822EAE700BFBE
:10806000006000402AB90C4BC0319A2243F821200D
:108070007047012A03D1C031074BA022F6E7022A3C
:1080800003D1C031044BA522F0E7092AF0D1C03159
:10809000014BAA22EAE700BF006000402AB90C4B5E
:1080A000C0319B2243F821207047012A03D1C031FF
:1080B000074BA122F6E7022A03D1C031044BA622C6
:1080C000F0E7092AF0D1C031014BAB22EAE700BF4B
:1080D000006000402AB9064BC031AE2243F821208F
:1080E0007047012AFCD1C031014BB322F6E700BF33
:1080F000006000402AB9064BC031AD2243F8212070
:108100007047012AFCD1C031014BB222F6E700BF13
:10811000006000402AB9064BC031B12243F821204B
:108120007047012AFCD1C031014BB622F6E700BFEF
:10813000006000402AB9064BC031B02243F821202C
:108140007047012AFCD1C031014BB522F6E700BFD0
:10815000006000402DE9F84FB44B9F6803681F2B67
:108160000446154603D9002062B6BDE8F88F4037B3
:1081700072B6012940F09080002AF4D09368213330
:1081800040F08880036812681A441F2AEBD86A6896
:10819000DFF8B48247F82320C033332248F8232085
:1081A00090F90000FFF7C6FD94F90030C0330C21B0
:1081B00058F823206FF3104248F8232094F9000068
:1081C000FFF78AFD94F90000FFF79AFD2368AB6082
:1081D0005A1C69682260C13347F82210342248F8DB
:1081E000232094F90000FFF7A5FD94F90030C03377
:1081F0000C2158F823206FF3104248F8232094F9FB
:108200000000FFF769FD94F90000FFF779FD23688E
:1082100069685A1CC133226047F82210312248F89D
:10822000232094F90000FFF785FD94F90030C03356
:108230000C2158F823206FF3104248F8232094F9BA
:108240000000FFF749FD94F90000FFF759FD23688E
:1082500069685A1CC133226047F82210322248F85C
:10826000232094F90000FFF765FD94F90030C03336
:108270000C2158F823206FF3104248F8232094F97A
:108280000000FFF729FD94F90000FFF739FD23688E
:1082900001332360012067E702290DD1002A3FF452
:1082A00062AF93682133F5D10068136818441F2822
:1082B0008CBF0020012057E7032911D1002A3FF489
:1082C00052AF92F912302133E4D10E235374016876
:1082D000574B917447F82130127CFFF7F7FDD6E732
:1082E000042949D1002A3FF43EAF92F907302133E7
:1082F00031D101680B1D202B3FF635AF0C264D4BBD
:10830000D171967147F821301278FFF773FE01683A
:10831000494B0131016069722E7247F821302A7889
:10832000FFF7A0FE0168454B0131016069712E71B4
:1083300047F821302A78FFF779FE0168404B013178
:108340000160AE72E97247F821302A78FFF7A6FE85
:1083500003680133036095F90700FFF7D1FC95F935
:108360000900FFF7CDFC95F90500FFF7C9FC95F969
:108370000B00FFF7C5FC8DE7002940F09480002A30
:108380003FF4F1AE137A3BBB126892F90D30213302
:108390001ED10C231373036853732A4A47F8232012
:1083A000C033294A262142F823102B68686893F9C4
:1083B0000D101B7B01F160421B0102F56142DBB233
:1083C00082F80033214B43F82100236801332360F6
:1083D0002B6893F90D00CCE7012B39D1126892F983
:1083E0000F3021331ED10C2393730368D373154AC6
:1083F00047F82320C033144A272142F823102B6862
:10840000686893F90F109B7B01F160421B0102F534
:108410006142DBB282F800330C4B43F82100236841
:10842000013323602B6893F90F00A2E700ED00E011
:10843000C56F00001150000081520000FD50000087
:10844000C152000015580000006000407801002073
:10845000022B7FF488AE126892F9113021331ED1BD
:108460000C23137403685374A84A47F82320C033BD
:10847000A74A282142F823102B68686893F9111045
:108480001B7C01F160421B0102F56142DBB282F804
:108490000033A04B43F821002368013323602B688D
:1084A00093F9110065E7052973D1002A3FF45BAE0B
:1084B00016680C23737396F90F30213348D1016885
:1084C0000B1D202B3FF64FAEF1733278DFF8788228
:1084D000DFF84092FFF74EFD90F9003008EB030201
:1084E0004FF0C00A82F800A3016849F82360013107
:1084F0002B680160B1731A78FFF74CFD90F90030DA
:1085000008EB030282F800A3016849F823600131F7
:108510002B68016031741A78FFF74CFD90F9003038
:1085200008EB030282F800A3016849F823600131D7
:108530002B68016071741A78FFF74CFD90F90030D8
:10854000984488F800A349F8236003680133036066
:1085500096F90F00704B47F8203096F90E306F4AAD
:1085600047F8232096F910306D4A47F8232096F9F2
:1085700011306C4A47F82320FFF7C2FB96F90E0032
:10858000FFF7BEFB96F91000FFF7BAFB96F9110052
:10859000EFE6062956D1002A3FF4E5AD16680C2314
:1085A000737396F90F30213341D10168CB1C202B16
:1085B0003FF6D9AD5C4BF17347F821303278DFF8E4
:1085C0008881DFF85091FFF715FD90F9003008EB36
:1085D00003024FF0C00A82F800A3016849F8236043
:1085E0000131524B0160B17347F821302B681A7882
:1085F000FFF71CFD90F9003008EB030282F800A39E
:10860000016849F823600131494B0160317447F832
:1086100021302B681A78FFF725FD90F90030984437
:1086200088F800A349F8236003680133036096F9D2
:108630000F00FFF765FB96F90E00FFF761FB96F957
:10864000100096E607294CD1002A3FF48CAD5568FE
:1086500040F60C432B8295F90D30213320D101686F
:108660000B1D202B3FF67FAD69732A78FFF782FC44
:108670000168013101602A782973FFF78BFC0168DA
:10868000013101602A78A973FFF794FC0168013178
:1086900001602A78E973FFF79DFC036801330360EA
:1086A00095F90D00234B47F8203095F90C30224AFC
:1086B00047F8232095F90E30204A47F8232095F9F2
:1086C0000F301F4A47F82320FFF71AFB95F90C00DB
:1086D000FFF716FB95F90E00FFF712FB95F90F0057
:1086E00047E6082932D1002A3FF43DAD92F9023025
:1086F00021337FF4CFAD0C2353700168114B91707F
:1087000047F821301278FFF745FBC0E57D5800009F
:108710000060004078010020596100001D600000E9
:1087200045620000096300008D5500006D55000092
:1087300025570000155C0000E95A0000BD5C0000F0
:10874000515D00004964000000E100E0092978D192
:10875000002A3FF408AD566896F90230213365D1FE
:1087600001680B1D202B3FF6FEAC92F808A0AC4B25
:10877000D2F80090B1704FF0060B86F806B0524662
:1087800047F82130FFF7A6FCA64D96F90220B379F1
:10879000DFF8BC82A9181B01DBB281F80033016845
:1087A000A14B48F82290013101605246717086F861
:1087B00005B047F82130FFF79DFC96F90120737949
:1087C000A9181B01DBB281F800330168974B48F808
:1087D0002290013101605246317186F808B047F8A5
:1087E0002130FFF7A7FC96F90420337AA9181B0162
:1087F000DBB281F8003301688D4B48F822900131DB
:1088000001605246F17086F807B047F82130FFF753
:1088100081FC96F90320F37915441B01DBB285F83E
:108820000033036848F822900133036096F9020090
:10883000FFF766FA96F90100FFF762FA96F904006D
:1088400097E50A297CD1002A3FF48DAC566896F949
:108850000230213365D101680B1D202B3FF683AC1C
:1088600092F808A0734BD2F80090B1704FF0060B4D
:1088700086F806B0524647F82130FFF7BBFB694D3A
:1088800096F90220B379DFF8C881A9181B01DBB281
:1088900081F800330168684B48F82290013101608B
:1088A0005246717086F805B047F82130FFF7BEFBDD
:1088B00096F901207379A9181B01DBB281F8003306
:1088C00001685E4B48F822900131016052463171D7
:1088D00086F808B047F82130FFF7E0FB96F904204E
:1088E000337AA9181B01DBB281F800330168544BBD
:1088F00048F82290013101605246F17086F807B0C5
:1089000047F82130FFF7AEFB96F90320F3791544C1
:108910001B01DBB285F80033036848F8229001336D
:10892000036096F90200FFF7EBF996F90100FFF7F3
:10893000E7F996F90400FFF7E3F996F9030018E563
:108940000B297FF410AC002A3FF40DACD2E90015DE
:108950000C232B7595F91530213356D10368DA1C99
:10896000202A3FF600AC374A6B7547F823202A6867
:1089700022B9C033344A4A2042F8230095F9150041
:108980002B7D324E00F1604202F561421B01DBB2E9
:1089900082F8003322682E4B43F82010501C2060D0
:1089A000A87547F82060286820B9C13226484D26AE
:1089B00040F8226095F916602A7D06F1604000F5C6
:1089C00061401201D2B280F80023226843F82610D9
:1089D000501C204E2060E87547F82060286820B9B8
:1089E000C13219484E2640F8226095F917602A7D59
:1089F00006F16040120100F56140D2B280F8002318
:108A000043F8261023680133236095F91500FFF71A
:108A100077F995F91600FFF773F995F91700A8E4AF
:108A20006945000000E100E0CD440000214700005E
:108A30004146000079530000E153000091540000CA
:108A400055540000516B000000600040256C000090
:108A5000780100203D6D000008B53C22002102484D
:108A600004F02FFD08BD00BF1C02002070B50024DB
:108A7000064D264655F8240020B12C2103F006FFB0
:108A800045F8246001340F2CF4D170BD1C02002085
:108A90000020704701207047036840F213421B6AB0
:108AA000184790F83D34002BFBD07047D0F82C329B
:108AB0002BB1D0F82832184490F8240070474FF0BA
:108AC000FF30704713B5044690F8A8048DF80710DE
:108AD000002378B184F83C34012284F83D340DF150
:108AE000070104F58860FBF789FE94F83C34002BFD
:108AF000FBD0012002B010BD0023C0F82432C0F822
:108B00002832C0F82C32C0F83034C0F83434C0F801
:108B1000383400F58860FBF7EBBE036813B962B622
:108B2000BFF36F8F704713B5EFF3108300930123EA
:108B3000019372B6019B5A1E01923BB1D0F82C42B0
:108B40006846FFF7EAFF204602B010BD6846FFF70F
:108B5000E4FF4FF0FF34F6E70268224B53F822306F
:108B600013B54BB10279042A0CD0802A06D0022A10
:108B700002D1012283F83D2402B010BD012283F806
:108B80003C24F9E7D3F82C22B2F5007FF4D0007A28
:108B9000EFF3108200920122019272B6019A013A1B
:108BA000511C1AD0D3F82C12B1F5007F02F1FF341A
:108BB00011D0D3F82412194481F82400D3F82412D8
:108BC0000131C1F30801C3F82412D3F82C1201318A
:108BD000C3F82C12E3E72246E2E768460192FFF76A
:108BE0009CFFC9E75802002013B5EFF310830093F0
:108BF0000123019372B6019B5A1E0192E3B1D0F892
:108C00002C32B3B1D0F82832034493F82440D0F882
:108C100028320133C3F30803C0F82832D0F82C32CD
:108C2000013BC0F82C326846FFF777FF204602B0C0
:108C300010BD4FF0FF34F6E76846FFF76EFF4FF0C8
:108C4000FF34F3E738B5044600254FF47A70C4E9E1
:108C50000150A3611848049BE361C4E90412206039
:108C600029464FF4007204F1240004F02AFCC4F8F1
:108C700024524FF40072C4F828522946C4F82C52EA
:108C800004F50C7004F01DFC0123C4F83054C4F842
:108C90003454C4F8385484F83C3484F83D34DF2329
:108CA00084F8A85484F8773484F8793484F87534D7
:108CB00084F87B34204638BD3CD9000010B50C4602
:108CC000FFF74CF822460421BDE81040FFF742BAF6
:108CD000F0B50369002B85B0044602DA002005B028
:108CE000F0BD4269002AF9DB8B42F7DA8A42F5DAF5
:108CF000D9B20022684602AE03F030FD0122217D88
:108D0000304603F02BFD00223DF812500021AB113C
:108D1000002D45D036F81200002841D036F8110059
:108D200083EA9017FF063BD103F01F03236200285C
:108D3000D4D0092BD2DC15F4F04F23691C4E0CBFA4
:108D40004FF080624FF0A06236F8331010F4F04F0D
:108D500042F4803217480CBF4FF080654FF0A06599
:108D6000FCF716FE6369134836F8331045F4803576
:108D70002A46FCF70DFEA3695A1C0FD0E2690132A6
:108D80000CD036F833100B482A46FCF701FEE36995
:108D9000084836F833102A46FCF7FAFD01209EE712
:108DA00001310329B4D10132032AADD196E700BFC6
:108DB00014D80000841200202DE9F04104460E462C
:108DC0001546FBF7D6FA01462046FFF781FF84F8E7
:108DD000A804002800F0BD8094F891145E4B226A2C
:108DE0006FF3010184F89114192143F82240A4F88B
:108DF000921494F89034012184F895140F2103F013
:108E0000E70384F89C144FF6FF7143F04003A4F885
:108E10009E14A1696FF3820384F8903404F592677D
:108E20000023013184F8943484F89634C4F898749B
:108E300084F8A03405D0E16901311CBF082184F811
:108E4000A01484F8702404F29442C4F88C2440F2F4
:108E500013424FF6FF71954284F8A23484F8A3348C
:108E6000A4F8A414C4F88834C4F88034C4F87C345A
:108E70003ED02DD840F21142954248D040F21242E5
:108E800095424AD0354BC4F8843404F58E68414687
:108E90002046FFF713FF94F8A834184084F8A8047C
:108EA00001213B4640F6B8323046FBF7EFFF94F81D
:108EB000931429B93B4640F6B8323046FBF7E6FF3B
:108EC00004F5886541462846FBF7BCFD78B3FEE70C
:108ED00040F23242954225D040F2334295420FD0C3
:108EE00040F231439D42CDD1022384F871340AE02F
:108EF000022284F8712484F8723484F87334C1E750
:108F0000022284F8712484F872340123F5E70222E6
:108F100084F8712484F87224EFE7022284F8712423
:108F20000322F7E7022384F871340323EBE7394681
:108F30002846FBF7BBFC00B1FEE7C4F82402C4F8E6
:108F40002802C4F82C02C4F83004C4F83404C4F86D
:108F50003804BDE8F08100BF58020020598B0000A2
:108F600007B54FF0FF330093002201210248FFF7BD
:108F700069FE03B05DF804FB800200200148FEF7A3
:108F80002BBD00BF2C0700200148FEF761BE00BFCB
:108F90002C070020F8B5094F054600240126AA6CCD
:108FA00006FA04F3134205D007EB440261B22846E7
:108FB000FEF75AF801341D2CF1D1F8BD70070020DE
:108FC000837870B5044683B90E4D2A68AAB1038828
:108FD0003BB90D48FFF7DEFF2B682078BDE87040F5
:108FE0001847012BF8D10948F4E7012B05D00A2BCB
:108FF00004D1074B1B68002BEFD170BD0B2BFCD1AC
:10900000044BF7E764070020AC07002008080020A5
:10901000680700206C070020F0B5044685B00028E2
:1090200043D0002380F83230C1F38415836C0127CC
:1090300007FA05F21343836400F13001FEF7ECF800
:1090400004AE04F148012046FEF716F82046FDF76D
:10905000FDFF06F8047D9DF80C30012B04D131464C
:109060002046FDF7F9FFF6E70DF10E0229462046EE
:10907000FDF7FAFF0E4BBDF80E0093F83330052BC9
:109080009CBF0C4AD2560C4B1B684FF0010101FAF1
:1090900003F388BF00220093002301FA02F219466D
:1090A00000F086F980B205B0F0BD4FF0FF30FAE76E
:1090B000AC07002068D900001800002013B50A2270
:1090C0000C46C1B2684603F049FBBDF800205AB116
:1090D000064B074902F4F040B0F5006F0CBF18468C
:1090E0000846228002B010BD1046FAE708080020AA
:1090F000AC070020F0B5012680F82560C0E90F23F9
:10910000022600F12403002540F60C4780F8266073
:109110000186DF26032143644FF4C05380F82450B6
:1091200080F8275080F8285080F8295080F82A606D
:1091300080F82B60878580F8325080F8331080F8F3
:10914000345080F8355080F8366080F837600787F3
:10915000C0E91255C0E91455A0F85850A0F85A308B
:10916000F0BD10B50446406D10B1142103F08EFB24
:10917000204610BD37B50D28044602A998BF0E340D
:10918000002321F8023D2046FFF798FF074B0546D4
:109190004FF4004133F8340000F066FBBDF80610D0
:1091A0002846FFF739FF03B030BD00BF14D80000D8
:1091B000042838B598BF104B104C98BF1D5CA368AD
:1091C00088BF002513B12046FEF746F90C4984F804
:1091D00028500C4CA1F13000FEF71EF8A36813B123
:1091E0002046FEF739F9084984F82850A1F13000EB
:1091F000BDE83840FEF710B86ED90000AC0700207B
:10920000DC0700200808002038080020FFFFFFFFCF
:109210002DE9F04D3C4B93F82830192B2DED028BA6
:109220006BD057D8012B62D0022B63D0374CD4EDD2
:10923000007AF5EE407AF1EE10FA48D10020FFF7FF
:10924000B7FF052000F020FB0FF2B40BDBE900AB09
:109250009FED2F8ADFF8C0800A251420FFF78AFFD0
:1092600007EE900AF8EEE77A67EE887A17EE900A32
:1092700003F074FC52465B4603F0C8FCD8F800309B
:109280000646012098400F4603F056FC02460B4666
:109290003046394603F0E4FD064620680F4603F0E9
:1092A0005DFC02460B463046394603F0F9FA03F0FE
:1092B000BFFE013D07EE900A2060CED1F2EE046AB7
:1092C00087EEA67A052084ED007AFFF771FF94ED12
:1092D000000A08E01D2B04D01F2BA7D1B0EE040A12
:1092E00001E0B0EE000ABDEC028BBDE8F08D9FED11
:1092F000090AF8E79FED060AF5E7B7EE080AF2E774
:10930000295C8FC2F5A82040AC070020640800202B
:109310003D0AB73F0000C07F1800002030B5094B60
:1093200053F8144B00218C4207D053F8042F92F8C5
:109330002450A84202D00131F5E7002202F10800D2
:1093400030BD00BF6808002038B50E4C0E4D0F48E8
:10935000002322461946FFF7CDFE002301210C48C9
:10936000FFF7C8FE28460024214640F8044B14228B
:1093700004F0A7F85022214605F1180004F0A1F8E6
:1093800038BD00BFC18F000068080020AC07002076
:109390000808002008B50448FFF7E3FE0348BDE8CD
:1093A0000840FFF7DEBE00BF08080020AC07002021
:1093B00010B5029C401AE41A6043521A90FBF2F076
:1093C000184410BD2DE9F04F027D012A85B00546F5
:1093D0000F4640F0978000214FF0FF3B04460B46BC
:1093E0005E4694F804C048B2BCF1000F7CD194F8FA
:1093F00005C0BCF1000F77D1B6F1FF3F1BBF0133B1
:109400005BB201233046934201DD1A4683460131A7
:10941000082904F1020465D1002402EB0B03A146E4
:109420000293CB4502DC029B4B4560DC6E7995F8DC
:1094300004A04FEA26180AF00F035FFA88F25FEAE9
:109440002A1A019206F00F0677D05FFA8AF1BAF174
:10945000090FCABF5731303149B23846039300F083
:10946000D3F8039B0444092B8ABF03F1570103F18E
:10947000300149B23846039300F0C6F80444BAF10B
:10948000000F04D1039B13B9B8F1000F0DD0019B5D
:10949000B8F1090FD4BF03F1300803F157084FFAB0
:1094A00088F1384600F0B0F80444092E8ABF5736D8
:1094B00006F1300171B2384600F0A6F8B9F1070F95
:1094C000044404D03A21384600F09EF8044409F1DF
:1094D0000109B9F1080F05F10205A2D1204605B036
:1094E000BDE8F08F06467CE74FF0FF308FE7CB45B5
:1094F000EDD1BBF1000FE5D13A21384600F084F8F8
:109500000444DFE700F1100600F11309002416F807
:10951000011B0A22384600F0A6F82E218046384664
:1095200000F072F8B14540440444F0D10A22E97CCD
:10953000384600F098F80444D0E7002B93D1A3E715
:1095400010B5054B0360044601751022002104305C
:1095500003F0B7FF204610BD7CD90000F8B50F46D8
:109560001D460021084B0360044616460175102273
:10957000043003F0A6FF9DF8183027746674A574B4
:10958000E3742046F8BD00BF7CD9000007B5012177
:109590000648FFF7D5FF002300931A4619460448F2
:1095A000FFF7DCFF03B05DF804FB00BFD00800202C
:1095B000E80800202DE9F04106460D4601EB0208BF
:1095C0000C464445A4EB050707D0336814F8011B8B
:1095D0001B68304698470028F3D13846BDE8F08133
:1095E00070B50368044608460D465E6804F06EF8E0
:1095F0002946024633462046BDE87040184709B167
:10960000FFF7EEBF084670470368C9B21B681847EA
:1096100070B58AB00E460AA9002301F8043D012A5C
:1096200098BF0A22B6FBF2F502FB1564E3B264B2FE
:10963000092CD4BF303337335BB22E4601F8013DDD
:10964000002DEFD1FFF7DBFF0AB070BD10B42AB9CF
:1096500003685DF8044B1B68C9B21847D2B25DF8C5
:10966000044BFFF7D5BFFFF7F1BFFFFF0F4B1049CA
:109670004AF20252A3F8FE230E4A11604FF425422B
:10968000A3F8FE2303F5E4231A886FF304121A806B
:10969000BFF34F8F0849094BCA6802F4E0621343D5
:1096A000CB60BFF34F8F00BFFDE700BF00E001407C
:1096B0003581730700E5014000ED00E00400FA0584
:1096C00073B50025044680F830500D2268460E46DA
:1096D00003F044F8BDF800306363C3F3841203F46D
:1096E000F043B3F5006F84F838602574E574657451
:1096F000A574657522750CD004F11003A361064BA7
:10970000E361064B2362064B6362064BA362064B82
:10971000E362204602B070BDB1690000A96A000092
:10972000396A0000456A0000756A00000E21014890
:10973000FFF7C6BF00090020042911D8DFE801F0B7
:10974000030C0A030E000022064B33F830100020F1
:10975000FCF71EB91022F7E70422F5E78422F3E7AD
:10976000704700BF14D80000044B0A1C18BF012228
:1097700033F830100020FCF7A5B800BF14D8000063
:1097800007B5084B0DF1070233F830100020FCF745
:109790008BF89DF80700003018BF012003B05DF87A
:1097A00004FB00BF14D80000EFF31080012383F303
:1097B0001088064B196819B9054AD1704021D1703B
:1097C0001A6801321A6080F3108870477401002013
:1097D000000D04407047704700207047194A00236D
:1097E00010B5938072B61849184A19480A6019587A
:1097F000D1500433402BFAD1164C002302F1400122
:109800001859C8500433802BFAD1134B9A60BFF318
:109810004F8F62B6FFF7C8FFFAF7B8FDFFF7F8FC05
:1098200002F056FF4FF4E1310C4802F062FC00F008
:109830003DF8FFF7D0FFFAF775FCFFF7CBFFFAF71B
:10984000A9FCFCE7000D00403C090020007F00203F
:10985000004000004040000000ED00E0E00D00206E
:1098600008B5FFF7BBFFFFFF0A4601460148FCF7BA
:109870008FB800BF84120020024A136801331360BE
:10988000704700BF780900200121FDF715BF704720
:1098900070B5054C2568064623685B1BB34202D2AF
:1098A000FFF7F5FFF8E770BD7809002030B5164BDB
:1098B000164C196A164B87B0012203930323CDE996
:1098C00001230025134B04951B68C1F302608340FC
:1098D000C1F30221CB4020464FF4FA51B3FBF1F320
:1098E000294600932B46FEF783F82A460821204696
:1098F000FEF7CAF92046FEF731F9204607B0BDE869
:109900003040FEF752B900BF00E00140400900209E
:1099100079980000040200201C4A92F91E30002BA6
:1099200030B50DDB5909012003F01F0300FA03F3E2
:109930002031174840F82130BFF34F8FBFF36F8FAE
:10994000144B15491D680B889CB20B7A9B0604D5F5
:109950001369B4EB530F88BF013592F91E1000292B
:1099600008DB0123480901F01F0103FA01F1084B4C
:1099700043F820101269531E1B1B4FF47A704343A7
:10998000B3FBF2F300FB053030BD00BF40090020FF
:1099900000E100E078090020004008400148FEF79F
:1099A0001BB800BF400900200148FEF751B900BFB5
:1099B0004009002070B500F110050446284600F06B
:1099C0001DFE3F2815D9E178002001F0A3F880B1F1
:1099D000284600F013FE3F28E17807D904F50A7203
:1099E00040230020BDE8704001F0B0B8002001F035
:1099F0009FF8002070BDFFFF10B5044600F04EFF39
:109A000008B9002010BD00F051FF0028F9D1044B27
:109A10004FF42A7202FB0434207900F00100F1E7D0
:109A20007C09002008B5044A4FF42A7303FB002088
:109A3000103000F0BBFD08BD7C09002070B54FF46C
:109A40002A730A4C58434FF6FE764FF6FF732518DB
:109A5000B24288BF1A46103092B2204400F0EFFDA7
:109A600004462846FFF7A6FF204670BD7C0900206B
:109A7000034A4FF42A7303FB0020103000F0F2BDBC
:109A80007C0900202DE9F041054600F007FF10B9E0
:109A90000020BDE8F08100F009FF07460028F7D15B
:109AA0004FF42A746C43174D04F11C062E443046C3
:109AB00000F07CFD0028EBD005EB0408384698F850
:109AC000021001F027F80028E2D004F51A742544AA
:109AD00029464022304600F0B2FD98F802100446B4
:109AE00058B103462A46384601F030F838B9064BDB
:109AF0001B68DB07CCD500BECBE701F019F8204688
:109B0000C7E700BF7C090020F0ED00E00E4B70B508
:109B10004FF42A7404FB003405464FF6FF734FF6EA
:109B2000FE70824288BF1A461C3492B2204600F072
:109B3000C0FD0646204600F039FD3F2802D92846E0
:109B4000FFF7A0FF304670BD7C09002008B5044A2D
:109B50004FF42A7303FB00201C3000F04FFD08BDBA
:109B60007C09002013B5134C4FF42A7200212046C3
:109B700003F0A7FCFF2363714FF4E133A3600822D5
:109B80000023A381A273009304F1280101234FF461
:109B9000807204F1100000F0F2FC012300934FF4F6
:109BA000807204F5947104F11C0000F0E8FC02B02E
:109BB00010BD00BF7C09002010B50A4C0021052211
:109BC000204603F07EFC04F110001C3400F077FD09
:109BD000204600F074FD20460121BDE8104000F051
:109BE00073BD00BF7C090020F7B54B79022B0746F7
:109BF00003D00024204603B0F0BD8B79022BF8D1AE
:109C00001F4EB3787BBB8B7833700D7809240D44DD
:109C100003E02B781C44A4B21D446B78242B1BD189
:109C20009442F6D96B78042B12D16B790A2B0FD1A1
:109C3000144B2E7801930133009302231A46A9197D
:109C4000384600F033FF70B10E3416FA84F4A4B233
:109C50000B48FFF7AFFECDE7052BE3D12946384689
:109C600000F000FF28B9084B1B68DB07C1D500BE18
:109C7000BFE7AB7873702B781C44A4B21D44D1E7C6
:109C80007C0900207E090020F0ED00E038B50B468D
:109C90001146127802F06002202A47D1244A8C88AB
:109CA0001578A54242D14C78203C032C3ED8DFE801
:109CB00004F002141731012B05D107231D4A01F0CE
:109CC000DBFA012038BD032BFBD11B4B002BF8D056
:109CD0001849002002F000FBF3E7012BF1D1ECE77B
:109CE000012B02D101F0B0FAEBE7032BE9D14C884C
:109CF0001471E14301F00101104800F0E5FC104B44
:109D0000002BDED0C4F3400204F00101002002F079
:109D1000CFFAD6E7012BE5D0032BD2D1094B002B8C
:109D2000CFD049880020AFF30080CAE70020C9E700
:109D30007C09002084090020D9C200009809002075
:109D4000B1C20000000000002DE9F0471C46374B6F
:109D5000DA788A4280460F461D4607D09B788B42B0
:109D600059D1AB78BB4234D001245BE003F50A71D2
:109D700003F11000A2B200F09CFC2D4B2BB92D4B2F
:109D8000FBB92A48FFF716FEEBE795F905300133DA
:109D9000F5D005F2272606EB0409A6F2172A4E4550
:109DA000EDD095F9052016F8013F9A42F7D15046BB
:109DB00000F00CFC0028F2D195F90510AFF30080FB
:109DC000EDE71D4800F002FC0028DAD1AFF3008077
:109DD000D7E71A4B13B10020AFF300800020FFF744
:109DE00051FE0028C0D1164800F0E0FB0028BBD18E
:109DF000002CB9D014F03F06B6D1A978404600F047
:109E000089FE04460028AFD033463246A978404642
:109E100000F09CFE06E00B4B1C6814F0010401D01E
:109E200000BE00242046BDE8F08700BF7C0900206A
:109E300000000000000000008C090020000000006D
:109E400098090020F0ED00E0704770478B79012BF6
:109E50000AD1CB79012B07D10B78CA185278212A65
:109E600004D1C85C09307047002070470920704752
:109E7000012973B5064614462AD1137803F01F054D
:109E8000012D11D113F0600308D152780B2A0BD1A8
:109E9000214601F0D9F9284602B070BD202B03D12C
:109EA00053781BB1032B07D00025F4E7114601F0CE
:109EB000CBF902F0C7F9EEE706220021684603F06D
:109EC00000FB06236A462146304601F0D5F9E2E759
:109ED0000125E0E78C220021014803F0F2BA00BF1F
:109EE000240C00200020FFF7F5BFFFFF2DE9F7430A
:109EF0000E4607467379032B114604D000242046F2
:109F000003B0BDE8F0833279C2EBC2041234A4B2CC
:109F10008C4205D9234B1B68DA07EFD500BEEDE76D
:109F2000214D95F801E0A846BEF1000FF2D196F858
:109F300000C006EB0C0191F80190B9F1210FE9D1B5
:109F4000C5F8881016F80CC005F1010E0235CDF8E1
:109F500004E00095614400F0A9FD0028DAD0B3794F
:109F600098F80210012B04BFF37988F8033001231D
:109F700088F80430B37888F80030D8F88830B3F81F
:109F80000730A8F806300029B9D04023074A3846E0
:109F900000F0DCFD0028B2D1024B1B68DB07AED518
:109FA00000BEACE7F0ED00E0240C00206C0C0020BB
:109FB00013782DE9F341154603F01F02012A0646E6
:109FC0000C4601D000246DE0DFF8C081AA8898F823
:109FD0000010D2B291424746F4D113F060031FD073
:109FE000202BEFD16B78013B0A2BEBD801A252F862
:109FF00023F000BF67A000002FA100003BA10000DC
:10A00000C59F0000C59F0000C59F0000C59F0000C0
:10A01000C59F0000C1A000000BA1000047A10000E7
:10A02000012C01D001243DE06A78062ACAD16A8851
:10A03000120A212A0AD1D8F88820002AC2D013781F
:10A04000294602B0BDE8F04101F016B9222AB9D183
:10A05000184602F0A5F9B8F80630024629463046FF
:10A0600001F00AF91EE0012CDCD1EB886988402B55
:10A070004FEA1122184628BF402011F0FF0115D0E9
:10A08000012B13D90138384B397280B2009000206F
:10A0900002F060FB0444A4B25CB9344B1B68DB07DC
:10A0A00090D500BE204602B0BDE8F0810024304BC0
:10A0B000ECE723462E4A2946304601F0DDF8B1E7A9
:10A0C000012C05D1EB88402B3FF67CAF294AC5E730
:10A0D000032CA7D1EB886988402B4FEA1122184640
:10A0E00028BF402011F0FF010DD0012B0BD997F8AC
:10A0F00048308B4207D101381F4B80B200900020BE
:10A1000002F02AFB8EE71B4BF8E7012C8AD1698805
:10A110001A4B090A79712BB10020AFF30080002897
:10A120003FF450AF2946304601F08EF87AE7012C13
:10A130007FF478AF2346124A90E7012C7FF472AF88
:10A140002346104A8AE7012CECD0032C7FF46AAF37
:10A1500069880D4BC9B23971002B3FF463AF002001
:10A16000AFF300805EE700BF2D0C0020F0ED00E0B3
:10A170002C0C00206C0C00206D0C00200000000056
:10A18000290C0020280C002000000000240C0020D6
:10A1900037B51A4CA2788A420546607813D08842B7
:10A1A0000AD1174A12B9012003B030BD9AB215493D
:10A1B0000020AFF30080F6E7134B1B68DB0700D5E8
:10A1C00000BE0020F0E79042EBD000229BB2114687
:10A1D0001046009304F1480302F0BEFA402304F154
:10A1E0004802A178284600F0B1FC0028DBD1064BDC
:10A1F0001B68DA07E5D500BED6E700BF240C0020B7
:10A20000000000002C0C0020F0ED00E00A4492B2A7
:10A2100091424FEA400001D8824201DB121A92B209
:10A220001046704738B50D46D41A8188A4B29A42B8
:10A230003CBF04EB4104A4B2BCB1A14205D291429F
:10A2400094BF531A8B189BB2438199420AD9C28892
:10A250000168C2F30E0202FB0311284603F026F93F
:10A26000012038BD5B1A9BB2EFE72046F9E7F7B54E
:10A270000446900803460D464FF6FF76013B9BB21D
:10A28000B3420ED112F0030201EB800107D002A805
:10A29000002340F8043D03F009F9019B236003B05B
:10A2A000F0BD55F8047B2760E8E72DE9F3470F463A
:10A2B000BDF8281084885E1AB6B28B423CBF06EB0C
:10A2C0004406B6B280466EB3B44206D29C4294BFF6
:10A2D000191BE11889B241812646964228BF1646CD
:10A2E0008C4223D9B8F80630D8F80050C3F30E03D7
:10A2F000641A9AB2A4B202FB01559DF82C10A6EB89
:10A30000040914FB03FA19FB03F901291FFA8AFA5D
:10A310001FFA89F918D0A6420BD87243294638464D
:10A3200003F0C4F8304602B0BDE8F087091B89B2DB
:10A33000D6E752462946384603F0B8F84A46D8F8D8
:10A34000001007EB0A00EBE7A64207D816FB03F262
:10A3500092B229463846FFF78AFFE3E72AF0030462
:10A36000A4B2224629463846FFF781FF1AF0030AB5
:10A3700028D0CAF104039BB24B4505EB040102ACA3
:10A3800028BF4B460020A9EB030944F8040D1FFA2F
:10A3900089F90A5C0255421C92450CD1D8F800108C
:10A3A00020440B44994208D1019B3B60B9F1000F56
:10A3B000B8D04A46CEE71046EBE711F8012B00F87B
:10A3C000012FEFE7D8F80010F0E7F7B5940823461F
:10A3D00005464FF6FF76013B9BB2B3420CD112F01B
:10A3E000030200EB840005D00B6802A941F8043D8C
:10A3F00003F05CF803B0F0BD0F6845F8047BEAE7B2
:10A400002DE9F74F1446C2790589B0F804800F464C
:10A4100041899B46D3090646ADB289B215D18D421A
:10A4200036BFC1EB4801691A491989B2414536BFA7
:10A43000A8EB0101002189B28C4228BF0C46002CF8
:10A4400050D1204603B0BDE8F08F44450CD3BBF19A
:10A45000000F06D1C288A4EB0804C2F30E0202FB6F
:10A4600004770D464446EAE78D424FEA480036BF7E
:10A47000421A6A1A521992B222448242DFDBA8EBD6
:10A48000040292B24046FFF7C1FE0546D7E7ACEBA7
:10A49000080C1FFA8CFCC445F9D2A8EB0C01F0881B
:10A4A000336889B2C0F30E00A4EB010982B211FB3C
:10A4B00000FA19FB00F9BBF1010F1FFA8AFA1FFA23
:10A4C00089F902FB0C3819D08C420DD86243394609
:10A4D000404602F0EBFF22462946B088FFF796FE81
:10A4E0003081AEE7AC46D6E752463946404602F0E8
:10A4F000DDFF4A4607EB0A013068EAE78C4207D8DD
:10A5000014FB00F292B239464046FFF75EFFE2E7E5
:10A510002AF0030B1FFA8BFB5A4639464046FFF7D9
:10A5200054FF1AF0030A28D0CAF1040080B248454B
:10A5300002AB28BF48463A6843F8042DA9EB00094E
:10A54000D8441FFA89F90021CA5C08F801200131BA
:10A550008A45F9D19A4433680AEB00015A1E5145E5
:10A5600006D11844B9F1000FB5D04A463946CCE7B8
:10A570001AF801CB02F801CFF1E73068F2E7B2F543
:10A58000004F11D88280C288016063F30E029DF8EB
:10A590000030C280C2F3072263F3C7120023438155
:10A5A000C2710381012070470020704703894289EE
:10A5B00081889BB292B2934236BFC2EB41029B1A92
:10A5C0009B1898B2884228BF084670470289438981
:10A5D0009BB29B1A5842584170470389428981882F
:10A5E00092B29BB2934236BFC2EB41029B1A9B18B8
:10A5F0009BB299428CBF002001207047828803895A
:10A6000040899BB280B2834236BFC0EB4200181A29
:10A61000C01880B2824286BF101A80B200207047F4
:10A6200010B5028943890446FFF7FCFD61890346A2
:10A6300082B2A088FFF7EAFD6081184610BD73B5AD
:10A64000038945890026CDE900560446FFF72DFE13
:10A65000618903460246A088FFF7D8FD608118464D
:10A6600002B070BD02894389FFF7DCBD70B5058972
:10A6700004460E46ADB2FFF7B0FF10B1E079C00955
:10A6800013D0A2882B469A4210D9E2882068C2F3E0
:10A690000E0202FB0300314602F008FF01222946A8
:10A6A000A088FFF7B3FD2081012070BD9B1A9BB2EB
:10A6B000E9E712B10023FFF7A3BE1046704700235D
:10A6C0004381038101207047C37961F3C713C371CC
:10A6D0000120704708B5034600890A46014698885C
:10A6E000FFF794FD188108BD08B5034640890A4666
:10A6F00001469888FFF78AFD588108BD70B5058925
:10A7000043898488ADB29BB29D4236BFC3EB4402FD
:10A71000EA1A521992B2944206D2AC4294BF2B1B51
:10A7200063199BB2438122462AB9C1E900228A609B
:10A7300070BD2D1BADB2AC42FBD99C420AD900685A
:10A74000AB4200EB03064E6007D200230A804B8029
:10A750008B60EDE71B1B9BB2EFE7E31A9BB2D21AAB
:10A760000B804A808860E3E770B502894489858858
:10A7700092B2A4B2A24236BFC4EB4503131B9B188E
:10A780009BB29D4202D9EB1A9BB233B90023C1E9B7
:10A7900000338B6070BD521B92B29542FBD9A5422B
:10A7A0000AD90068944200EB02064E6007D9A21A4B
:10A7B00000230A804B80ECE7641BA4B2EFE7AA1ADF
:10A7C00092B29B1A0A804B808860E3E70A4B1B78A1
:10A7D000834206D9094B1B6800EB400003EBC00025
:10A7E00070479A1C8242A1BFC01A054B182202FB77
:10A7F0000030B8BF00207047B40C0020B00C00201F
:10A8000080D9000070B5134D064600242B78E0B2C5
:10A810000233834210DA3B2200210F4802F051FE3E
:10A820001022FF210D4802F04CFE1422FF210C489B
:10A83000BDE8704002F045BEFFF7C8FF013428B9FB
:10A84000084B1B68DB0700D500BE70BD436830466F
:10A850009847DBE7B40C0020B50C0020B80C0020B2
:10A86000C80C0020F0ED00E070B50C460546164619
:10A87000086800F041FD2368324628460121BDE802
:10A8800070401847044B1B7810B1184600F062BFA7
:10A89000184600F075BF00BF2C000020024B58780E
:10A8A000003018BF01207047B50C0020024B18780B
:10A8B000C0F38000704700BFB50C0020024B187831
:10A8C000FF3818BF012070472C000020F8B51B4E40
:10A8D0003278FF2A05461FD1194C1A483B22002125
:10A8E00002F0EFFD201DFFF7EAFE174B1C60174B2F
:10A8F00023B11748AFF30080164B1860144F0024A3
:10A900003B78E0B20233834208DA2846357000F023
:10A910005DFF284600F01EFF012009E0FFF756FF0B
:10A92000013430B90C4B1B6813F0010304D000BE96
:10A93000F8BD03689847E3E71846F9E72C000020C4
:10A940001C000020B50C0020F00C002000000000CE
:10A95000B40C0020B00C0020F0ED00E0F0B543781E
:10A96000023B85B005460C46032B12D8DFE803F006
:10A97000026F242C374B1A786FF300021A701A7882
:10A9800000216FF341021A7059701A7861F3820244
:10A990001A70314B1E6814B933682046984729460F
:10A9A000301DFFF763FE054614B933680120984750
:10A9B000002D46D005B0F0BD264B1A78D607F9D544
:10A9C0001A7842F00402E3E7224A1378D807F1D557
:10A9D00013786FF382031370DBE7FFF7F7FE20B104
:10A9E000436913B169682878984701363B78F0B21B
:10A9F00002338342F1DA174A13785907DAD513780C
:10AA00006FF3820313700023CDF80630CDF80A30BF
:10AA1000ADF80E302B788DF8043005238DF8053015
:10AA20000D4B1D6814B92B682046984701A9281DB5
:10AA3000FFF71CFE064614B92B6801209847002E2C
:10AA4000B8D1064B1B68DB07B4D500BEB2E70026C1
:10AA5000034FCBE7B50C0020F00C0020F0ED00E038
:10AA6000B40C002038B58B7803F07F03092B0C461B
:10AA700006D90B4B1B68DB0700D500BE002038BD94
:10AA8000084B1D78084B2046997801F0EDFA002814
:10AA9000EFD021462846BDE8384000F0E5BE00BFB3
:10AAA000F0ED00E02C000020B50C00202DE9F0476F
:10AAB000DDE9085680460C4691469A460027B9457E
:10AAC00001DC01200CE06378052B04D1E17801F072
:10AAD0000301514508D00E4B1B68DA0702D4002051
:10AAE000BDE8F08700BEFAE721464046FFF7BAFF0F
:10AAF00028B9074B1B68DB07F1D500BEF0E7A1784A
:10AB0000CB0914BF31702970237801371C44D6E774
:10AB1000F0ED00E0CB0901F07F00273303EB4003A9
:10AB200002480021184401F077BA00BFB50C00209C
:10AB3000CB0901F07F00273303EB400302480021DB
:10AB4000184401F080BA00BFB50C002038B5154C90
:10AB500001F07F0504EB450404EBD1142034E079C7
:10AB6000C00707D5104B1B68DA0701D4002038BD99
:10AB700000BEFBE7E5790D4845F001050078E57179
:10AB800000F058FF0028F2D1E37960F30003E3718D
:10AB9000E37960F38203E371034B1B68DB07E5D5C0
:10ABA00000BEE4E7B50C0020F0ED00E02C00002032
:10ABB00010B50C4C01F07F0204EB420404EBD114FD
:10ABC0002034E3799B070BD4074B187800F056FF2D
:10ABD000E37943F00203E371E37943F00103E371A6
:10ABE00010BD00BFB50C00202C00002010B50C4C8F
:10ABF00001F07F0204EB420404EBD1142034E3792A
:10AC00009B070BD5074B187800F064FFE3796FF3CF
:10AC10004103E371E3796FF30003E37110BD00BFFB
:10AC2000B50C00202C0000202DE9F04FBA4B1B780A
:10AC3000FF2B89B000F09982B84B1D682C4600208C
:10AC400054F8043B9847204605A9FFF7E9FC2B6818
:10AC5000044601209847002C00F087829DF81530AB
:10AC6000013B072B00F2AE82DFE813F0080013006F
:10AC7000AC028A0299021F005802A5029DF8140036
:10AC8000FFF7C0FD00F030FBA54B9DF818209A702F
:10AC9000D2E79DF81400FFF7B5FD00F025FBA14BAE
:10ACA000002BC9D0AFF30080C6E79D4C9DF814502F
:10ACB000237843F00103237094F827306FF30003E7
:10ACC00084F8273094F827306FF3820384F8273014
:10ACD00094F828306FF3000384F8283094F8283073
:10ACE0006FF3820384F82830002000F005FB9DF804
:10ACF000187007F06008B8F1600F0FD18A4B1B681D
:10AD0000DC0700D500BE9DF81400002100F0B6FE5F
:10AD100080219DF8140000F0B1FE8DE7B8F1400FDE
:10AD20000DD182480028EED000F0E6FA06AA0121F3
:10AD30002846AFF3008000287FF47EAFE3E707F0FA
:10AD40001F07012F00F0938119D3022FD6D19DF850
:10AD50001C1001F07F06092ED0D804EB460606EB46
:10AD6000D116F07CFFF732FD8146B8F1000F00F0FC
:10AD7000AA810028C7D006AA00F10C010FE0B8F1A3
:10AD8000200F10D19DF81C300F2BBCD81C44E0784C
:10AD9000FFF71CFD0028B6D006AA00F10C012846DA
:10ADA000FFF762FDC7E7B8F1000FA7D19DF8193092
:10ADB000092BA3D801A252F823F000BF57B000001E
:10ADC00045B00000FDAC000031B00000FDAC00005B
:10ADD000E5AD000071AF0000FDAC0000FFAD00006C
:10ADE00013AE000006A800F08DFA9DF81A10284650
:10ADF00000F0E0FC237843F0020323701CE708AA6C
:10AE0000637802F80E3D012306A9284600F034FAC3
:10AE100012E79DF81A906378994531D063783BB179
:10AE2000284600F0EDFDA6782846FFF7EBFCA6705B
:10AE3000B9F1000F00F0968009F1FF30C0B201F0C7
:10AE4000BDFA10B14378022B06D0374B1B68DF07E1
:10AE50007FF554AF00BE51E7C2792378511161F3F9
:10AE60000413921162F3451323704388C31800F151
:10AE700009060293029BB34209D82D4B002B6ED1D9
:10AE800084F8019006A9284600F0DEF9D4E673782C
:10AE90000B2B03BF337896F80380F6184FF00108A8
:10AEA0007378042BD1D1029B9B1B9BB2039300238D
:10AEB0000193204B9DF804701B780233BB4225DBC5
:10AEC0003846FFF783FC83460028BED08368039A88
:10AED000314628469847082882463DD9039B83423D
:10AEE0003AD3B8F1010F06D1DBF80820124B9A4291
:10AEF00008BF4FF002080022D3B2434520D33146A9
:10AF00003B4652460D4801F0DFF85644094B1B788A
:10AF100002339F42AEDD98E72C000020F00C0020A9
:10AF2000B50C002000000000F0ED00E00000000083
:10AF300000000000B40C0020E99B0000C80C0020B9
:10AF4000B1780B44A34951FA83F30132D978FF2930
:10AF50007FF47BAFDF70CFE7019B0133A8E7AFF34E
:10AF600000808DE79C4B002B8AD0AFF3008087E7F1
:10AF7000BDF81A00030A5A1EC0B20E2A3FF6C3AE2D
:10AF800001A151F822F000BFC5AF0000EFAF0000F3
:10AF90000FB0000007AD000007AD000023B00000B7
:10AFA000EFAF000007AD000007AD000007AD0000E7
:10AFB00007AD000007AD000007AD000007AD0000C1
:10AFC000CFAF000001F0E4F9122302460AE0834B00
:10AFD000002B3FF498AEAFF30080024600283FF408
:10AFE0008DAE438806A9284600F046F9A3E6022B59
:10AFF00006D101F0E3F900283FF480AE4388E4E78E
:10B00000774B002B3FF47FAEAFF30080F3E7BDF842
:10B010001C1001F011FB024600283FF474AE0378C7
:10B02000E0E7704B002B3FF46EAEAFF30080F2E729
:10B03000BDF81A30012B7FF466AE237843F0080385
:10B0400023701FE7BDF81A30012B7FF45CAE237824
:10B050006FF3C303F4E72378C3F340129B0803F0B4
:10B060000203134308AA22F80E3D0223CCE69DF802
:10B070001C300F2B3FF647AE1C44E078FFF7A6FBD1
:10B0800000283FF440AE00F10C0106AA2846FFF765
:10B09000EBFB00287FF4D0AD9DF8183013F060046E
:10B0A0007FF431AE9DF819300A3B012B3FF62BAEF1
:10B0B00000F022F99DF819300A2B7FF4E3AE08AABC
:10B0C00002F80E4D9FE69DF81930012B03D01DD3D9
:10B0D000032B7FF413AEBDF81A2022B9012B2846AA
:10B0E00019D1FFF783FDB9F1000F3FF4A5AD06AA12
:10B0F00009F10C012846FFF7B7FB002000F0FCF82F
:10B1000094F82830DE073FF597ADBBE696F8273078
:10B11000C3F34003A6E7FFF74BFDE4E79DF81810E3
:10B120002C4B01F07F0403EB440303EBD11393F8A2
:10B1300027006FF3000083F8270093F827006FF3D0
:10B14000820083F827003CB9079B9DF819209DF8E1
:10B15000140000F0E3F86FE5D87CFFF737FB38B94F
:10B16000214B1B68D80700D500BE09B0BDE8F08FA1
:10B170000469079B9DF819209DF81400A0475BE522
:10B18000144B1A78D1077FF557AD184A002A3FF4BF
:10B1900053AD1878C0F3C000AFF300804CE50D4B01
:10B1A0001B78DA077FF548AD114B002B3FF444AD17
:10B1B000AFF3008040E5069B002B3FF43DAD0798C0
:10B1C000984739E5084B1B68DB077FF535AD00BEB6
:10B1D00032E500BFB50C00200000000000000000B8
:10B1E0000000000000000000F0ED00E000000000A2
:10B1F00000000000124B9989DA8970B58C1AA4B24C
:10B20000054693F90000402C28BF4024002809DAA5
:10B21000914212D099680B48224602F047F98021EA
:10B22000084A04E091424FF00001F9D10022234680
:10B230002846BDE87040FFF789BC8021F6E700BFD3
:10B24000F40C0020080D002030B40A4C05460A46D4
:10B2500008684968234603C30023C4E9023392F90E
:10B2600000209A4228461A46ACBF8021194630BCBD
:10B27000FFF76CBCF40C0020F8B5194D0C460746DE
:10B2800008684968AA602E4603C60021E981E18862
:10B290008B4228BF0B46AB8179B143B13AB9114B10
:10B2A0001B68DA0701D40020F8BD00BEFBE7384672
:10B2B000FFF7A0FF68B10120F6E794F90030002BFA
:10B2C0000A460B463846ACBF80210021FFF73EFC02
:10B2D000F0E7044B1B68DB07E5D500BEE4E700BFE1
:10B2E000F40C0020F0ED00E014220021014802F0EF
:10B2F000E8B800BFF40C0020014B1861704700BF94
:10B30000F40C00200146044A00684968134603C350
:10B310000023C2E902337047F40C002070B52F4CB3
:10B320001E462378C909B1EBD31F054616D03EB19E
:10B330002B4B1B68DA0701D4002070BD00BEFBE771
:10B34000284B13B12146AFF3008023690BB90120CC
:10B35000F3E7224A032128469847F8E794F900309A
:10B36000002B06DBA0680028E6D032461E4902F01A
:10B370009DF8A368E28933443244A360E38892B223
:10B380009342E28101D03F2E24D823699BB994F9DE
:10B390000030002B4FF000031A46ACBF8021194645
:10B3A0002846FFF7D3FB0028D1D10D4B1B68DB07E4
:10B3B000C2D500BEC1E70221084A28469847014687
:10B3C0000028E4D1284600F059FB8021284600F0EF
:10B3D00055FBBCE72846FFF70DFFE4E7F40C00201F
:10B3E000F0ED00E000000000080D002030B503463D
:10B3F0008518EC1A012C09D854086FF0010303FBDF
:10B40000042212B110F814300B7030BD33F8024B27
:10B410000C80EEE7F0B585B00F4601A9154606464B
:10B42000FFF76CF9BDF804400298AC4228BF2C46E7
:10B430002D1B22463946ADB2FFF7D8FF55B1BDF8F6
:10B44000063003989D4228BF1D462A46FFF7CEFFCF
:10B450002C44A4B221463046FFF746F905B0F0BDB2
:10B460002DE9F843174BDC8881461F4634B91C7020
:10B470005C709C70DC700120BDE8F883B0F85E80E1
:10B4800008F07F084445254628BF45464DB11E6853
:10B490005B7ADB0700F114012A4630460DD5FFF731
:10B4A000B9FF454538BF4FF40043A4EB050438BF4E
:10B4B000A9F82230FC800020DEE72E44FFF796FF3B
:10B4C0003E60EEE7480D002070B50446BDF8105010
:10B4D000FAB14FF484602084208C8606FCD517488E
:10B4E000467A858061F300064672C580EDB103603F
:10B4F000BAB1B4F86030DB0B03D0B4F854301B069B
:10B500000CD40F4B186810F0010001D000BE0020D1
:10B5100070BD0284208C8006FCD4E0E72046FFF753
:10B520009FFF0120A4F86000F2E705230570457035
:10B530008570C570A4F860300120E9E7480D00204F
:10B54000F0ED00E02DE9F84F314E0C2303FB0163D1
:10B550000546B3F806800C46B8F1000F17D131B19B
:10B5600001F1370235F812305904FBD404E0294BBD
:10B570001B68D80700D500BE0C235C43321900239A
:10B580003355012053709370D370BDE8F88F8BB2A0
:10B5900043F480620285A0F86430B0F86CA01FFA12
:10B5A0008AFA2B8D03F00F039C42FAD16B8D9A041B
:10B5B000FCD5D045474628BF574687B14FF00C0B06
:10B5C0000BFB04FB06EB0B0305F1180153F8089B7A
:10B5D0005B78DB073A46484613D5FFF71BFF574514
:10B5E0003CBF4FF400436B8500232B85288D10F062
:10B5F0000F00FBD10C2303FB0464A8EB0707E780D3
:10B60000C3E7B944FFF7F2FE46F80B90E7E700BF47
:10B61000480D0020F0ED00E02DE9F843DFF8D4C03C
:10B62000BDF82050D7098E4602F07F020CEB0711BF
:10B630000A44044692F8781041B92D4B186810F06E
:10B64000010001D000BE0846BDE8F8830C224A4341
:10B650000CEB02064CF8023096F80990B5806EF3B8
:10B66000000986F80990F580BFB11DB1FFF76AFFA8
:10B670000120E9E78BB20385238D03F00F03994284
:10B68000FAD1638D9E04FCD54FF4004363850023FB
:10B690002385238D1D07FCD1EAE74B1E042BE7D839
:10B6A00001F1230610EB8603E2D08AB200EB4101E0
:10B6B000A0F86420B0F86C20B1F86E00800718BFC5
:10B6C000A1F86E7014F82600002004F8260092B24B
:10B6D0005878154401205870013D95FBF2F55D80C6
:10B6E0005A7842F002025A70A1F86E00ACE700BF2F
:10B6F000F0ED00E0480D00207FB50E4601A914468C
:10B700000546FFF731F8BDF80410029AA14228BFA0
:10B7100021460B4613F1FF3313D2641AA4B25CB175
:10B72000BDF80620944228BF1446039A234613F11D
:10B73000FF330AD2214489B22846FEF7CBFF04B07A
:10B7400070BD307802F8010BE4E7307802F8010BA5
:10B75000EDE7FFFF084B03EBC000426853B2002B3C
:10B7600008DB012102F01F0201FA02F25B09034922
:10B7700041F82320704700BF3000002000E100E0C6
:10B780000A4B03EBC000426853B2002B0DDB0121D2
:10B790005B0902F01F0201FA02F22033044941F86A
:10B7A0002320BFF34F8FBFF36F8F7047300000200F
:10B7B00000E100E07047FFFF034B53F8302013888F
:10B7C00043F01003138070473000002038B51F4C41
:10B7D0001F4B626853F8303000F10B050121A9407E
:10B7E00022EA010262601A8842F480621A801A8892
:10B7F0005205FCD51A886FF345121A801A886FF328
:10B8000086121A801A8842F001021A800522C3F8B3
:10B81000F020D3F800246FF30412C3F80024B3F827
:10B820005E20402161F30602A3F85E200022A3F807
:10B8300040204FF45D421A8601225A87DA86B3F817
:10B8400040301B0601D5FFF7B7FF38BDFC6F044041
:10B8500030000020034B53F830301A886FF3041285
:10B860001A807047300000202DE9F84FCE78B1F8EB
:10B8700004A006F00306012E8046CAF30A0A04D18A
:10B88000BAF5807F06D9002060E0022E04D067D888
:10B89000012E70D13F4B0CE03E4B93F82C20002A38
:10B8A00056D093F83820002A54D093F84420002A28
:10B8B00052D01A7D002A51D093F82030002B5AD153
:10B8C00002248978344B334A53F838704FEAD1193F
:10B8D0004FEA09150C2303FB042301F07F0B2A44D4
:10B8E0005A441972404682F87840FFF749FFA3B2E4
:10B8F00007EB4402A7F864304FF44073A7F86CA03C
:10B90000022EA2F86E304FF00003A2F86E3045EA26
:10B910000B0337D143F485439BB2A7F8683001236A
:10B9200003FA04F4A4B284F4FF715940A7F8461056
:10B93000F98E0C43FC86B9F1000F01D1022E01D023
:10B94000A2F86E304046FFF705FF0120BDE8F88FF2
:10B950000324B6E70424B4E70524B2E70124B0E7E2
:10B960000C4B06240C2202FB0430007A0028A8D0DD
:10B9700001340A2CF7D1094B186810F00100E5D00A
:10B9800000BE80E7032E0CBF43F4004343F4424360
:10B99000C2E700BF480D002030000020F0ED00E0BD
:10B9A000154B70B553F83050144BE88E01F07F06FC
:10B9B000C90909015A183244012492F878209440A8
:10B9C00020EA0400E8869AB102F1370405EB44044A
:10B9D0000020208094B2A5F864400C2404FB0232BD
:10B9E0000B443344A5F8680083F87800107270BDEA
:10B9F00005F16004ECE700BF30000020480D002096
:10BA0000F8B50546FFF7BCFE094E0A240C27013C99
:10BA100004D12846BDE8F840FFF79CBE07FB04634D
:10BA2000197A0029F3D02846FFF7BAFFEFE700BFE5
:10BA3000480D00202DE9F34198460F4B0C46174660
:10BA400053F830600546FFF79BFE14F07F01CDF8F8
:10BA500000803B4622460AD13046FFF735FD0446BA
:10BA60002846FFF777FE204602B0BDE8F0810021AE
:10BA70003046FFF7D1FDF2E73000002038B5134B18
:10BA800011F07F02054653F830401BD0CB09104916
:10BA900001EB0311114491F878309BB1373304EB7B
:10BAA00043048CB12846FFF76BFE238803F00303A1
:10BAB00043F002032380022323802846BDE8384058
:10BAC000FFF748BE6034ECE738BD00BF300000200F
:10BAD000480D00201A4B2DE9F04111F07F08074670
:10BAE0000E4653F8305016D0164ACB0902EB03131A
:10BAF000434493F8784074B1373405EB4404ECB117
:10BB00003846FFF73DFE4FF480732380F30905D0DC
:10BB1000012323800DE005F16004F0E7094B434465
:10BB200093F87830A5F86430B5F868309B0B012B9A
:10BB3000EED13846BDE8F041FFF70CBEBDE8F0811C
:10BB400030000020480D0020C14A2DE9F04F52F886
:10BB50003040B4F84070BFB2FB4363F478439BB20B
:10BB600017F4004F8BB00546A4F84030904606D03D
:10BB7000B4F840301E0640F1AB80FFF71DFE78049C
:10BB800013D500260523012107A88DF81D30CDF817
:10BB90001E60CDF82260ADF826608DF81C50FEF7CF
:10BBA000DDFE238E66F34D332386B90416D5238E2E
:10BBB0009A0413D500260323012107A88DF81D3010
:10BBC000CDF81E60CDF82260ADF826608DF81C50CF
:10BBD000FEF7C4FE238E66F34D332386FB040AD59D
:10BBE00007F07003402B7CD075D8102B00F08E80AE
:10BBF000202B00F0F280380534D5F90740F10F8191
:10BC000058F83530B3F8402012072BD54FF4804256
:10BC10005A84B3F85420ADF81420B3F85620ADF888
:10BC20001620B3F85820ADF81820B3F85A20ADF814
:10BC30001A204FF6F772A3F840200023CDF81E30EB
:10BC4000CDF82230ADF826300822062305A908A831
:10BC50008DF81C508DF81D3001F028FC012107A83B
:10BC6000FEF77CFE7E051ED5B4F84A300026D807C4
:10BC7000A4F84A6017D558F83500FFF7F1FB90B1EA
:10BC8000744B07229B888DF81D200121802207A874
:10BC9000CDF81E60ADF822608DF81C508DF8202084
:10BCA0000993FEF75BFEF9050FD5E38EB4F8462045
:10BCB000684E13400093DB439BB2A4F846304FF02C
:10BCC0000C0B009B002B40F0C9800BB0BDE8F08F3F
:10BCD000FFF7C0FD53E7602B03D0702B01D0502B32
:10BCE00089D10023CDF81E30CDF82230ADF82630B2
:10BCF0000121042307A88DF81D308DF81C50FEF794
:10BD00002DFE238E43F40053238674E758F83560E4
:10BD100001237387F3864FF48043738400233385B4
:10BD2000338D13F00F03FBD1B385B28D12F00F02E8
:10BD3000FBD106F1700106F1900001234FF4007E63
:10BD40004FF4807C1FFA83F90133062BA6F8649028
:10BD5000A6F86820A1F800E021F8022B20F804CB17
:10BD6000F0D106F17A0200214FF400701FFA83FC33
:10BD700001330A2BA6F864C0A6F86810108022F8D8
:10BD8000021BF3D198220021324801F09AFB33893B
:10BD900003F00703022B15D0032B1CD0012B13D16A
:10BDA00000220121CDF81E20CDF82220ADF826205A
:10BDB0008DF81C508DF81D108DF8203007A8FEF767
:10BDC000CDFD18E70023EBE7234B1B68DE077FF56B
:10BDD00012AF00BE0FE70223E2E758F83530B3F8A0
:10BDE000503013F07F033FF406AF4FF4A062ADF87C
:10BDF00016300023ADF814200693CDF81E30CDF890
:10BE00002230ADF8263005A90623082208A88DF8AF
:10BE10001C508DF81D3001F049FB0121CEE717F0D1
:10BE200007037FF41FAF58F83520128CCDF81E3071
:10BE300012F0200F14BF802200220721ADF822301B
:10BE40008DF81C508DF81D108DF82020099305E702
:10BE500030000020480D0020F0ED00E0009B58F875
:10BE6000354093FAA3F7B7FA87F70BFB07631A7A03
:10BE7000D2090ED039462046FFF764FB002840F077
:10BE80009B80012303FA07F7009B23EA0703009333
:10BE900017E7002F61D0DB880193BBB22385A4F89C
:10BEA0006430B4F86C309BB2228D02F00F029742DE
:10BEB000FAD1628D9204FCD5628DC2F30B029A42D4
:10BEC00028BF1A460292DDE901218A4228BF0A46AC
:10BED00092460BFB0762D2F80090BAF1000F0AD02D
:10BEE000527AD0072AD5524604F1180148460393E6
:10BEF000FFF702FC039B534584BF4FF480426285E9
:10BF000000222285228D1107FCD101990BFB0762CB
:10BF1000A1EB0A015345D18003D8DDE90123934207
:10BF2000AFD30BFB07F100237218B9EB0300735476
:10BF300018BF012053709370D3709FE74946524653
:10BF400012F1FF3205D20BFB07F209EB0A01B150E7
:10BF5000D1E7207E01F8010BF2E7B4F85EA0628C15
:10BF6000F388C2F30B020AF07F0A524528BF5246FB
:10BF70009A42019228BF1A46914652B1727A3068AD
:10BF8000D20731D54A4604F114010293FFF7B4FBFE
:10BF9000029BCA4584BF4FF480426284A3EB09022E
:10BFA000CA45F28003D8019A9A42FFF46AAF00238F
:10BFB00033707370B370F3700BFB076207A893883C
:10BFC000117AD2888DF81C509B1A0022CDF81E20C1
:10BFD000ADF822208DF82010072201218DF81D20B8
:10BFE0000993FEF7BBFC4CE701464A4612F1FF32CB
:10BFF00002D248443060CCE794F814C001F801CB79
:10C00000F4E700BF024B03EBC0004160704700BF84
:10C0100030000020FEF752BC037813F0010310D16A
:10C020000278C2F3800262B9037813F0010308D1E9
:10C030000278530705D4037843F00403037001200A
:10C040007047002070470378C3F380034BB1027838
:10C0500012F0010105D1027861F3820202701846E4
:10C06000704700207047FFFF8388C07800F003000E
:10C070000228C3F30A0312D01BD801280DD10229CC
:10C0800040F2FF3208BF4FF480629A420DD20D4B4E
:10C09000186810F0010008D000BE00207047022987
:10C0A00004D1B3F5007FF2D101207047402BEED8C8
:10C0B000FAE702290CBF4FF4806240229A42E6D38D
:10C0C000F2E700BFF0ED00E030B50A44914200D342
:10C0D00030BD4C78052C06D18C7804F07F0500EB40
:10C0E0004505E4092B550C782144EFE70368DB692B
:10C0F0001847037C0BB9012303747047704713B5CD
:10C1000002AB026803F8011D546819460122A047DA
:10C1100002B010BD007C10B10020FDF783BC704759
:10C12000007C10B10020FDF711BD7047037C13B1F6
:10C130000020FDF7A7BC704707B5007C38B10DF1B2
:10C1400007010020FDF794FC20B19DF8070003B023
:10C150005DF804FB4FF0FF30F9E7704710B5044677
:10C160000020FDF749FC00B9607C10BD037C07B5D9
:10C1700013B94FF0FF3012E0FFF7F0FF0028F8D0BE
:10C180000020FDF74FFC0028F3D001220DF107013C
:10C190000020FDF753FC0028EBD09DF8070003B00A
:10C1A0005DF804FB037C2DE9F0418846174623B374
:10C1B000FFF7D4FF08B30020FEF764FB3D460024E0
:10C1C000FDB10020FDF7C2FC30B90120FEF75AFB9B
:10C1D0000020FDF757FCF3E7A842024608EB0401F4
:10C1E00028BF2A460020FDF791FC06460120FEF7F5
:10C1F00049FB1EB13444AD1BEAE700242046BDE8EC
:10C20000F0813C46FAE7FFFF38B5037C04460BB9E2
:10C21000002038BD4FF0FF300021FEF705FD20461D
:10C22000FFF79CFF0028F3D0054D2C78002CF0D0B0
:10C230000A20FDF72DFB00232B702046E9E700BF05
:10C240003800002030B5164B16494AF20252A3F8C6
:10C25000FE23154A8BB011604FF42542A3F8FE234C
:10C2600006238DF81430052301248DF8153005A917
:10C27000032301A88DF816308DF817308DF818407B
:10C280008DF81940F8F7CEF8054601A8F8F7F6F84A
:10C29000064B0E2D1C7000D1FEE70BB030BD00BF69
:10C2A00000E001403581730700E50140080E0020E1
:10C2B000064B1970064B1A70064B1B68B3F5966F48
:10C2C00002D109B9FDF7D2B9704700BFF80D0020BF
:10C2D000F90D0020F40D00200A4A0B6813600A4A89
:10C2E00048791060094A08791060094A8979116013
:10C2F000B3F5966F04D1074B1B780BB9FDF7B6B9B0
:10C30000704700BFF40D0020040E0020000E002036
:10C31000FC0D0020F80D0020054B00224FF47A712F
:10C32000C3E90121034919601A745A74704700BFA8
:10C33000E00D0020D0D9000010B501F1080400F094
:10C340000F02D3B2092ACCBF3733303304F8013D92
:10C35000A1424FEA1010F2D110BDFFFF08B5EFF374
:10C360000383103B5BB2C033084A52F823106FF3CB
:10C37000104142F823100020FFF7E6FB00214FF0A8
:10C38000FF30BDE80840FEF74FBC00BF0060004032
:10C390000248002303714371837170473900002004
:10C3A00007B505480023019310B101A8AFF3008041
:10C3B00003B05DF804FB00BF00000000014B1868EB
:10C3C000704700BF0C0E00202DE9F04F954B1E6802
:10C3D000A3B09846002E40F01F81402422463146EB
:10C3E0000DF1460001F06DF840F60833ADF8443029
:10C3F00040F2012202238DF847308DF848308DF845
:10C400004930ADF850208DF8523040F204528DF88A
:10C4100073308DF8823040F20143ADF85420812111
:10C420002422ADF85E304FF409738DF856208DF854
:10C430006A107D4AADF86030082140F202537B4F0C
:10C4400016928DF86C1007220A21ADF8623040F286
:10C4500024638DF868208DF874108DF87F2074495E
:10C46000ADF8643082224FF411630125002F4FF0A4
:10C47000050940F2094B4FF0030A1E918DF8812007
:10C48000ADF86E304FF00E024FF4827331460DF16D
:10C4900016008DF87C408DF88340ADF8703014BFE5
:10C4A00002240024ADF84CB08DF85C508DF86990F2
:10C4B0008DF86BA08DF880908DF8675001F001F831
:10C4C000FE238DF8193009238DF81D3021238DF8B6
:10C4D0001E300D238DF81F30E823002F8DF82030FB
:10C4E0004FF010038DF823300CBF3B462B468DF8E0
:10C4F00016401C444F4BADF814B08DF81A508DF80F
:10C500001B508DF81C908DF821A08DF824508DF8CB
:10C510002550E4B20196002B00F0818001A8AFF312
:10C520000080172200210DF12A0000F0CAFF40F21E
:10C530000943ADF8283040F20133ADF82C30212307
:10C540008DF8323011238DF8333042F20123ADF8EB
:10C55000363040F20753ADF83A3040F28333ADF84D
:10C560003C3040238DF83E300A238DF84030019B4B
:10C570008DF838304FF0000A002F4FF009094FEACC
:10C58000132314BF5D264E4655458DF8393014BF30
:10C590001922524640F209231644ADF80830C02350
:10C5A00001218DF82A408DF80F302C44FA233046B3
:10C5B0008DF831908DF834108DF80EA08DF80D1097
:10C5C0008DF810308DF80A608DF80BA08DF80C40B6
:10C5D00000F05CFFC8F80000F0B13246514600F0B0
:10C5E00070FFD8F800404A4602A9204600F05EFFDE
:10C5F00004EB09005FB1422211A900F057FF12229B
:10C6000005A904F14B0000F051FF04F15D001DB1DC
:10C6100019220AA900F04AFF23B0BDE8F08F1D4699
:10C620007FE700BF0C0E0020200105245BC1000045
:10C63000070502020000000070B5204C94F900309C
:10C640000546B3B91E4B1B6803F114065869214611
:10C65000FFF772FE04F108017068FFF76DFE04F148
:10C660001001B068FFF768FE04F11801F068FFF7E9
:10C6700063FE5DB9134B40F209425A800123013336
:10C6800010485B0043F44073038070BD052D12D841
:10C690000D4B0C4C53F825100122013911F9010FF3
:10C6A000531EDBB20028EAD024F812000132212AFE
:10C6B000F4D12023E3E70020E7E700BF520E00207B
:10C6C0009CB17F40100E0020FCD900007047FFFF96
:10C6D0001FB5FFF79FFC044690BBFFF7F7FF194912
:10C6E0004AF20253A1F8FE33174B5A6822F4006253
:10C6F0005A605A6822F480525A604FF42543A1F8D8
:10C70000FE3304230193114B02936FF02003039334
:10C71000FBF724FB01AA0121FBF71CFD039920462E
:10C72000FFF770FCFFF750FE2046FEF7CFF8F7F753
:10C7300023FE074AB2F8CC3043F08003A2F8CC3095
:10C7400004B010BD00E00140FC6F04405DC3000078
:10C7500000000940002070477047FFFFF8B5002631
:10C760000F4604461546068046808680F7F701FE90
:10C77000874216D8304901EBC70133464868F2B208
:10C7800030F812101DB901F03E020A2A04E0012D12
:10C7900009D101F03E02082A0BD00A0406F1010675
:10C7A000EDD52046F8BD022D08D101F03E02042A45
:10C7B000F1D15A1C24F81310D3B2EEE7032D04D1A3
:10C7C00001F03E02062AE0D1F3E7042D02D101F088
:10C7D0003A02E0E7052D02D101F03A02D5E7062D35
:10C7E00003D101F03E02102AD6E7072D05D101F052
:10C7F0003E02122ADDD0182ACEE7082D03D101F01F
:10C800003E02022AC8E70A2D03D101F03E02142A93
:10C81000C2E70B2D03D101F03E021C2ABCE70C2D10
:10C8200003D101F03E021A2AB6E70D2DB5D101F071
:10C830003E021E2AB0E700BF14D8000010B5002841
:10C8400014BF04460124204600F020FE30B900F059
:10C8500015F808B900F00CFE8047F4E710BD036836
:10C86000DB0706D4437803B1FFDE0123437018468B
:10C87000704700207047012303607047024B18681F
:10C88000BFF35B8F704700BF940E002000F000B82C
:10C8900000F004BE81F0004102E000BF83F00043DD
:10C8A00030B54FEA41044FEA430594EA050F08BF4B
:10C8B00090EA020F1FBF54EA000C55EA020C7FEA0F
:10C8C000645C7FEA655C00F0E2804FEA5454D4EB8C
:10C8D0005555B8BF6D420CDD2C4480EA020281EA56
:10C8E000030382EA000083EA010180EA020281EA8E
:10C8F0000303362D88BF30BD11F0004F4FEA0131E0
:10C900004FF4801C4CEA113102D0404261EB4101EE
:10C9100013F0004F4FEA03334CEA133302D0524274
:10C9200063EB430394EA050F00F0A780A4F1010430
:10C93000D5F1200E0DDB02FA0EFC22FA05F280186A
:10C9400041F1000103FA0EF2801843FA05F3594150
:10C950000EE0A5F120050EF1200E012A03FA0EFCCF
:10C9600028BF4CF0020C43FA05F3C01851EBE371F9
:10C9700001F0004507D54FF0000EDCF1000C7EEB16
:10C9800000006EEB0101B1F5801F1BD3B1F5001F54
:10C990000CD349085FEA30004FEA3C0C04F1010473
:10C9A0004FEA445212F5800F80F09A80BCF1004F9C
:10C9B00008BF5FEA500C50F1000041EB045141EA1E
:10C9C000050130BD5FEA4C0C404141EB010111F41F
:10C9D000801FA4F10104E9D191F0000F04BF0146CA
:10C9E0000020B1FA81F308BF2033A3F10B03B3F1A8
:10C9F00020020CDA0C3208DD02F1140CC2F10C0238
:10CA000001FA0CF021FA02F10CE002F11402D8BF95
:10CA1000C2F1200C01FA02F120FA0CFCDCBF41EA61
:10CA20000C019040E41AA2BF01EB0451294330BD30
:10CA30006FEA04041F3C1CDA0C340EDC04F114040D
:10CA4000C4F1200220FA04F001FA02F340EA0300E4
:10CA500021FA04F345EA030130BDC4F10C04C4F12A
:10CA6000200220FA02F001FA04F340EA030029460A
:10CA700030BD21FA04F0294630BD94F0000F83F454
:10CA8000801306BF81F480110134013D4EE77FEA37
:10CA9000645C18BF7FEA655C29D094EA050F08BF83
:10CAA00090EA020F05D054EA000C04BF1946104664
:10CAB00030BD91EA030F1EBF0021002030BD5FEAA8
:10CAC000545C05D14000494128BF41F0004130BDD0
:10CAD00014F580043CBF01F5801130BD01F0004524
:10CAE00045F0FE4141F470014FF0000030BD7FEA97
:10CAF000645C1ABF194610467FEA655C1CBF0B4692
:10CB0000024650EA013406BF52EA033591EA030FA8
:10CB100041F4002130BD00BF90F0000F04BF0021A0
:10CB2000704730B54FF4806404F132044FF00005D3
:10CB30004FF0000150E700BF90F0000F04BF00214C
:10CB4000704730B54FF4806404F1320410F00045B2
:10CB500048BF40424FF000013EE700BF42004FEAAD
:10CB6000E2014FEA31014FEA02701FBF12F07F432A
:10CB700093F07F4F81F06051704732F07F4208BFE1
:10CB8000704793F07F4F04BF41F40021704730B5E8
:10CB90004FF4607401F0004521F000411CE700BF34
:10CBA00050EA010208BF704730B54FF000050AE0B7
:10CBB00050EA010208BF704730B511F0004502D5B8
:10CBC000404261EB41014FF4806404F132045FEABA
:10CBD000915C3FF4D8AE4FF003025FEADC0C18BF63
:10CBE00003325FEADC0C18BF033202EBDC02C2F155
:10CBF000200300FA03FC20FA02F001FA03FE40EAE7
:10CC00000E0021FA02F11444BDE600BF70B54FF0EA
:10CC1000FF0C4CF4E06C1CEA11541DBF1CEA1355C8
:10CC200094EA0C0F95EA0C0F00F0DEF82C4481EA30
:10CC3000030621EA4C5123EA4C5350EA013518BF50
:10CC400052EA033541F4801143F4801338D0A0FB3D
:10CC500002CE4FF00005E1FB02E506F00042E0FBEA
:10CC600003E54FF00006E1FB03569CF0000F18BFF0
:10CC70004EF0010EA4F1FF04B6F5007F64F5407498
:10CC800004D25FEA4E0E6D4146EB060642EAC6212B
:10CC900041EA55514FEAC52040EA5E504FEACE2E98
:10CCA000B4F1FD0C88BFBCF5E06F1ED8BEF1004F9B
:10CCB00008BF5FEA500E50F1000041EB045170BD17
:10CCC00006F0004646EA010140EA020081EA03015B
:10CCD000B4EB5C04C2BFD4EB0C0541EA045170BD57
:10CCE00041F480114FF0000E013C00F3AB8014F1D1
:10CCF000360FDEBF002001F0004170BDC4F100041A
:10CD0000203C35DA0C341BDC04F11404C4F120059A
:10CD100000FA05F320FA04F001FA05F240EA0200F5
:10CD200001F0004221F0004110EBD37021FA04F62B
:10CD300042EB06015EEA430E08BF20EAD37070BDE5
:10CD4000C4F10C04C4F1200500FA04F320FA05F044
:10CD500001FA04F240EA020001F0004110EBD37046
:10CD600041F100015EEA430E08BF20EAD37070BDB6
:10CD7000C4F1200500FA05F24EEA020E20FA04F38F
:10CD800001FA05F243EA020321FA04F001F000413E
:10CD900021FA04F220EA020000EBD3705EEA430EAF
:10CDA00008BF20EAD37070BD94F0000F0FD101F0DE
:10CDB0000046400041EB010111F4801F08BF013C17
:10CDC000F7D041EA060195F0000F18BF704703F055
:10CDD0000046520043EB030313F4801F08BF013DDC
:10CDE000F7D043EA0603704794EA0C0F0CEA135598
:10CDF00018BF95EA0C0F0CD050EA410618BF52EA52
:10CE00004306D1D181EA030101F000414FF0000057
:10CE100070BD50EA410606BF1046194652EA430665
:10CE200019D094EA0C0F02D150EA013613D195EAD9
:10CE30000C0F05D152EA03361CBF104619460AD121
:10CE400081EA030101F0004141F0FE4141F470012B
:10CE50004FF0000070BD41F0FE4141F4780170BD1B
:10CE600070B54FF0FF0C4CF4E06C1CEA11541DBF80
:10CE70001CEA135594EA0C0F95EA0C0F00F0A7F882
:10CE8000A4EB050481EA030E52EA03354FEA0131AF
:10CE900000F088804FEA03334FF0805545EA1313C2
:10CEA00043EA12634FEA022245EA111545EA10658A
:10CEB0004FEA00260EF000419D4208BF964244F121
:10CEC000FD0404F5407402D25B084FEA3202B61A40
:10CED00065EB03055B084FEA32024FF480104FF414
:10CEE000002CB6EB020E75EB030E22BFB61A754688
:10CEF00040EA0C005B084FEA3202B6EB020E75EB1B
:10CF0000030E22BFB61A754640EA5C005B084FEA82
:10CF10003202B6EB020E75EB030E22BFB61A75464F
:10CF200040EA9C005B084FEA3202B6EB020E75EB5A
:10CF3000030E22BFB61A754640EADC0055EA060E1B
:10CF400018D04FEA051545EA16754FEA06164FEA5E
:10CF5000C30343EA52734FEAC2025FEA1C1CC0D10A
:10CF600011F4801F0BD141EA00014FF000004FF097
:10CF7000004CB6E711F4801F04BF01430020B4F158
:10CF8000FD0C88BFBCF5E06F3FF6AFAEB5EB030C10
:10CF900004BFB6EB020C5FEA500C50F1000041EB0D
:10CFA000045170BD0EF0004E4EEA113114EB5C04DA
:10CFB000C2BFD4EB0C0541EA045170BD41F48011AD
:10CFC0004FF0000E013C90E645EA060E8DE60CEAB5
:10CFD000135594EA0C0F08BF95EA0C0F3FF43BAFD2
:10CFE00094EA0C0F0AD150EA01347FF434AF95EA89
:10CFF0000C0F7FF425AF104619462CE795EA0C0F6D
:10D0000006D152EA03353FF4FDAE1046194622E739
:10D0100050EA410618BF52EA43067FF4C5AE50EA13
:10D0200041047FF40DAF52EA43057FF4EBAE12E703
:10D030004FEA4102B2F1E04324BFB3F5001CDCF13A
:10D04000FE5C0DD901F0004C4FEAC0024CEA507072
:10D05000B2F1004F40EB830008BF20F001007047A1
:10D0600011F0804F21D113F13872BCBF01F00040A4
:10D07000704741F480114FEA5252C2F11802C2F1D6
:10D08000200C10FA0CF320FA02F018BF40F0010057
:10D090004FEAC1234FEAD32303FA0CFC40EA0C0009
:10D0A00023FA02F34FEA4303CCE77FEA625307D146
:10D0B00050EA01331EBF4FF0FE4040F4400070477D
:10D0C00001F0004040F0FE4040F40000704700BF17
:10D0D0007BB972B90029BEBF00204FF0004106E0C5
:10D0E00008BF00281CBF6FF000414FF0FF3000F078
:10D0F000BDB9ADF1080C6DE904CE002909DB002BA8
:10D100001ADB00F04DF8DDF804E0DDE9022304B09D
:10D110007047404261EB4101002B1BDB00F040F8FF
:10D12000DDF804E0DDE9022304B0404261EB410197
:10D13000524263EB43037047524263EB430300F0F8
:10D140002FF8DDF804E0DDE9022304B0404261EB92
:10D1500041017047524263EB430300F021F8DDF8D0
:10D1600004E0DDE9022304B0524263EB430370475D
:10D1700053B94AB9002908BF00281CBF4FF0FF313E
:10D180004FF0FF3000F072B9ADF1080C6DE904CE3C
:10D1900000F006F8DDF804E0DDE9022304B0704792
:10D1A0002DE9F047089E04468846002B4BD18A4261
:10D1B000154667D9B2FA82F24AB1C2F1200701FAE4
:10D1C00002F320FA07F7954047EA030894404FEA34
:10D1D000154E230CB8FBFEF71FFA85FC0EFB1788D3
:10D1E00043EA084307FB0CF1994209D9EB1807F110
:10D1F000FF3080F01B81994240F21881023F2B449E
:10D200005B1AA4B2B3FBFEF00EFB103344EA0344F6
:10D2100000FB0CFCA44509D92C1900F1FF3380F068
:10D220000781A44540F2048102382C4440EA0740BB
:10D23000A4EB0C0400271EB1D4400023C6E9004330
:10D240003946BDE8F0878B4209D9002E00F0EB800B
:10D250000027C6E9000138463946BDE8F087B3FA31
:10D2600083F7002F47D18B4202D3824200F2FA802B
:10D27000841A61EB030301209846002EE0D0C6E932
:10D280000048DDE702B9FFDEB2FA82F2002A40F080
:10D290008F80491B4FEA154E1FFA85F80127B1FB15
:10D2A000FEFC230C0EFB1C1143EA014308FB0CF1AE
:10D2B000994207D9EB180CF1FF3002D2994200F2E3
:10D2C000CD808446591AA3B2B1FBFEF00EFB1014B8
:10D2D00043EA044408FB00F8A04507D92C1900F1E3
:10D2E000FF3302D2A04500F2B6801846A4EB080432
:10D2F00040EA0C409FE7C7F1200CBB4022FA0CFE2D
:10D300004EEA030E01FA07F420FA0CF521FA0CF3A9
:10D310004FEA1E482543B3FBF8F92C0C08FB1933E0
:10D320001FFA8EFA44EA034309FB0AF49C4202FA0C
:10D3300007F200FA07F10BD91EEB030309F1FF30E6
:10D3400080F087809C4240F28480A9F102097344F6
:10D350001B1BADB2B3FBF8F008FB103345EA0344E6
:10D3600000FB0AFAA24508D91EEB040400F1FF33C2
:10D370006BD2A24569D90238744440EA0940A0FB47
:10D380000289A4EB0A044C45C2464B4654D351D003
:10D39000002E69D0B1EB0A0564EB030404FA0CFC1F
:10D3A000FD40FC404CEA0505C6E90054002747E76C
:10D3B000C2F1200320FA03F7954001FA02F021FAA6
:10D3C00003F34FEA154E3843010CB3FBFEF71FFA87
:10D3D00085F80EFB173341EA034107FB08F38B4244
:10D3E00004FA02F407D9691807F1FF3C2FD28B42E7
:10D3F0002DD9023F2944CB1A81B2B3FBFEF00EFBBC
:10D40000103341EA034100FB08F38B4207D9691846
:10D4100000F1FF3C17D28B4215D902382944C91AB2
:10D4200040EA07473BE73746304609E70746E7E665
:10D430001846FBE64145ABD2B8EB020A69EB0E0297
:10D4400001381346A4E76046E9E7184695E76746C2
:10D45000D1E781467CE702382C4447E7ACF1020C67
:10D460002B442FE7384608E73746E9E6704700BF08
:10D4700008B5062000F00EF9012000F041F9FFFF89
:10D48000014B1868704700BF4C000020024B01465A
:10D49000186800F06DB800BF4C000020024B014638
:10D4A000186800F017B800BF4C00002010B5431EEC
:10D4B0000A44914200D110BD11F8014B03F8014F0D
:10D4C000F7E702440346934200D1704703F8011B7B
:10D4D000F9E7FFFF38B50546002945D051F8043C6F
:10D4E0000C1F002BB8BFE41800F0F8F81F4A1368AF
:10D4F000104633B9636014602846BDE8384000F038
:10D50000EEB8A3420CD921686218934204BF1A688E
:10D510005B68636004BF521822600460ECE7134646
:10D520005A680AB1A242FAD919685818A0420BD118
:10D5300020680144581882421960DDD11068526891
:10D540005A6001441960D7E702D90C232B60D3E756
:10D55000206821188A4204BF11685268626004BFC3
:10D56000091821605C60C7E738BD00BF980E002035
:10D5700070B5CD1C25F0030508350C2D38BF0C25E2
:10D58000002D064601DBA94203D90C23336000209D
:10D5900070BD00F0A3F8214A1468214691B9204CCF
:10D5A00023681BB9304600F03DF82060294630461C
:10D5B00000F038F8431C24D10C233360304600F0CF
:10D5C0008EF8E4E70B685B1B18D40B2B0FD90B60AC
:10D5D000CD50CC18304600F082F804F10B00231D2A
:10D5E00020F00700C31AD3D05A42E250D0E78C4251
:10D5F0004B6816BF636013600C46EBE70C46496846
:10D60000CCE7C41C24F00304A04205D0211A304604
:10D6100000F008F80130CFD02560DBE7980E00203D
:10D620009C0E002038B5064C0023054608462360B2
:10D63000FAF7FCF8431C02D1236803B12B6038BD14
:10D64000841300201F2938B504460D4604D916233B
:10D6500003604FF0FF3038BD426C12B152F82130F8
:10D660004BB9204600F030F82A4601462046BDE876
:10D67000384000F017B8012B0AD0591C03D11623EB
:10D6800003600120E7E7002442F825402846984738
:10D690000020E0E7024B01461868FFF7D3BF00BF48
:10D6A0004C00002038B5074C0023054608461146BB
:10D6B000236000F01DF8431C02D1236803B12B60E6
:10D6C00038BD00BF8413002000F00AB8034613F8E9
:10D6D000012B002AFBD1181A013870477047704798
:10D6E000024B58221A604FF0FF307047841300201D
:10D6F000024B58221A604FF0FF307047841300200D
:10D70000FEE700BF4275696C742077697468205227
:10D71000656E6573617320416476616E6365642034
:10D72000466C657869626C6520536F6674776172C8
:10D7300065205061636B6167652076657273696F00
:10D740006E20342E302E3000342E302E300000006B
:10D7500000000004F8B500BFF8BC08BC9E46704746
:10D76000F8B500BFF8BC08BC9E4670471400828123
:10D770005400C28194008280D4811482940552099D
:10D7800044008200090051080C80540552014600F3
:10D7900042000B0057080E8014051C00920811006F
:10D7A0008B081080D4041A0092001780520842009F
:10D7B000098052000280128812801208578A1A00CB
:10D7C000520051004B0A4E801C005208C2009700C4
:10D7D000490A4C80D20002019100510A5080D208BF
:10D7E00051088B801280120982018900578A120128
:10D7F00042018B80D289D201428214049280540467
:10D800009208C2024B889404D208020349881E0081
:10D810005482FFFF01030000E6D70000020300006E
:10D82000EED7000005010000B2D70000040100009F
:10D83000ACD7000003010000A4D7000002010000E3
:10D8400098D7000006010000B6D7000007010000CD
:10D85000B8D7000004030000F6D70000030300005F
:10D86000F4D700000C010000DED700000901000021
:10D87000BED700000A010000C8D700000B0100005D
:10D88000D4D700000E0000000ED8000000000000F9
:10D890006CD700000100000070D7000002000000FB
:10D8A00074D70000010100008AD7000000010000C9
:10D8B0007CD7000000050000FAD700000C00000033
:10D8C00078D700000D0000007AD7000001050000A5
:10D8D000FED700000205000006D800000801000085
:10D8E000BAD7000000030000E4D70000FFFF00FFEC
:10D8F000010203FF0403010C00091408111C101994
:10D9000018FFFFFF0600080010001800200040006C
:10D910006000800000018001000200040008FFFF99
:10D920000A0900000A0900003F0B00000100020084
:10D93000080010000000000000000000C58A000080
:10D94000B5950000918A0000A38A0000278B000093
:10D95000E98B0000AD8A0000998A0000B98D0000B3
:10D96000F98A0000958A00000C0A080E10180219A6
:10D970001D1F01FF0000000000000000C593000013
:10D98000659B0000B99B0000E99B00008D9C000096
:10D99000499D000000000000E59E0000D59E0000AB
:10D9A000ED9E0000B19F000091A10000000000006A
:10D9B000499E00004B9E00004D9E0000719E00009D
:10D9C0000000000000000000000000000000000057
:10D9D000FFC00000A5C1000021C100002DC1000052
:10D9E00015C100006DC1000039C10000F3C0000086
:10D9F000EDC00000FDC0000009C2000029DA0000EF
:10DA000014DA00001CDA0000520E00202ADA0000AE
:10DA100033DA000041726475696E6F00554E4F2015
:10DA20005234204D696E696D610043444320506F4C
:10DA30007274004446552D525420506F7274000089
:10DA400000000000000000000000000000000000D6
:10DA5000000000000000000000000000000000FFC7
:10DA600000000000000000000000000000000000B6
:10DA700000000000000000000000000000000000A6
:10DA80000000000000000000000000000000000096
:10DA90000000000000000000000000000000000086
:10DAA0000000000000000000000000000000000076
:10DAB0000000000000000000000000000000000066
:04DAC0000000000062
:10DACC00002D31010000000002030D003C1100206C
:10DADC0080120020901100200A00000085A8000090
:10DAEC00C412002010000C0000000000FF00000019
:10DAFC00000009400A0000000112010002020201AC
:10DB0C004041236900000101020301005000002084
:10DB1C000000000080DA0000A0DA000060DA0000EB
:10DB2C0000000000000000000000000000000000E9
:10DB3C0000000000000000000000000000000000D9
:10DB4C0000000000000000000000000000000000C9
:10DB5C0000000000000000000000000000000000B9
:10DB6C0000000000000000000000000000000000A9
:10DB7C00E5400000598A0000618F00007D8F000095
:10DB8C00499300008D9500002D9700009D99000091
:10DB9C0019C30000C14000006D8A0000898F00008D
:08DBAC0095930000A999000007
:040000030000786D14
:00000001FF
